case,phi1_center_deg,phi1_lo_deg,phi1_hi_deg,n_total,phi2_deg_median,phi2_deg_width,phi2_deg_nvalid,distance_kpc_median,distance_kpc_width,distance_kpc_nvalid,pm1_masyr_median,pm1_masyr_width,pm1_masyr_nvalid,pm2_masyr_median,pm2_masyr_width,pm2_masyr_nvalid,rv_kms_median,rv_kms_width,rv_kms_nvalid
S_control,-59.0,-60.0,-58.0,2614,-0.587491335892208,0.261897538492774,2614,7.00431770665739,0.04032628667106619,2614,-13.552967409317024,0.10157645769082244,2614,-3.7587231874453524,0.029079938846374748,2614,104.1586214341276,4.681326716223054,2614
S_control,-57.0,-58.0,-56.0,3619,-0.5338135998213078,0.2519309850682366,3619,6.993178882896153,0.04600560705797841,3619,-13.687518896594735,0.11532825455397376,3619,-3.736431032544888,0.02858770430355085,3619,91.37268496581822,4.866665352312625,3619
S_control,-55.0,-56.0,-54.0,4603,-0.4649390741222497,0.2497204651453326,4603,6.9884528985735335,0.04504184578223588,4603,-13.790388959584089,0.11093589748952713,4603,-3.7099510168740846,0.027502405250098737,4603,78.5076277482342,4.936731621833405,4603
S_control,-53.0,-54.0,-52.0,5285,-0.4076612470698507,0.24331944333796687,5285,6.992550549248134,0.04089922532990564,5285,-13.86999460076521,0.09929885159969046,5285,-3.6786906462612894,0.027378391336581136,5285,65.38760984089785,4.956519247546053,5285
S_control,-51.0,-52.0,-50.0,5957,-0.33565659106840007,0.23988358644546998,5957,7.009823367994625,0.03843471038670343,5957,-13.905633951158999,0.09032179130008933,5957,-3.6410656530181207,0.027143303560492257,5957,52.27553049160086,5.0272570186451855,5957
S_control,-49.0,-50.0,-48.0,6053,-0.26978220346232923,0.23840396042175302,6053,7.032426500312719,0.039273990082154514,6053,-13.914880902561132,0.09363290880006542,6053,-3.6006371606980956,0.02711164725752407,6053,38.747533927366234,5.0360313797671505,6053
S_control,-47.0,-48.0,-46.0,6579,-0.23382511818284718,0.25183561358154344,6579,7.054886899054564,0.04504553853970456,6579,-13.914442615201848,0.1077049783359844,6579,-3.557249325295116,0.028522010830107945,6579,25.55153236351949,4.905371509557469,6579
S_control,-45.0,-46.0,-44.0,6874,-0.21389953693193312,0.2640822101106905,6874,7.0802500827314,0.03950833497452441,6874,-13.899610048922586,0.09174381918185746,6874,-3.510718050044492,0.026063164428484824,6874,12.42653240433765,4.9065740871318795,6874
S_control,-43.0,-44.0,-42.0,6588,-0.209715925496795,0.2782471129754332,6588,7.121102868912393,0.038654170464122256,6588,-13.838481985097047,0.08482253321885012,6588,-3.4576422882664644,0.026008312424601908,6588,-0.673970237429464,4.893829388551353,6588
S_control,-41.0,-42.0,-40.0,5157,-0.22346561092128966,0.2711563698432626,5157,7.156825793477053,0.04591510815810761,5157,-13.783259365017308,0.10362831234838471,5157,-3.4070147195090037,0.027814442773613696,5157,-13.463405111877245,4.869902799560746,5157
S_control,-39.0,-40.0,-38.0,6603,-0.23647929340615775,0.2256612611355747,6603,7.201340952641681,0.046192103264880296,6603,-13.690947464576972,0.11003566611851635,6603,-3.3530417781267228,0.03323972146247683,6603,-28.867841859455865,4.743160361739537,6603
S_control,-37.0,-38.0,-36.0,10012,-0.19078310361066841,0.20648633758092555,10012,7.26959086728873,0.03766633025629087,10012,-13.539448217960555,0.08306057081381753,10012,-3.288946271739583,0.028973461551072277,10012,-40.75316378150721,4.60365926161395,10012
S_control,-35.0,-36.0,-34.0,6027,-0.24796621325392373,0.2218818192721482,6027,7.3143065954768,0.040415887352878974,6027,-13.442070797911825,0.08588116769804927,6027,-3.2368491491674796,0.025766680514528077,6027,-52.24450357185238,4.510094329694113,6027
S_control,-33.0,-34.0,-32.0,4909,-0.3083378492833787,0.2354777743576605,4909,7.365668904611866,0.051770681331432734,4909,-13.314353237430492,0.11057890494305418,4909,-3.182516527616935,0.035515274927823366,4909,-67.48548204469891,5.070019855628428,4909
S_control,-31.0,-32.0,-30.0,9441,-0.19078953375394084,0.2537621738515624,9441,7.495740740902853,0.06341157456238686,9441,-13.010920533157734,0.13686913273172896,9441,-3.0936052415327278,0.040468304126841007,9441,-81.76601083698904,4.368959731769005,9441
S_control,-29.0,-30.0,-28.0,9649,0.3672016574143499,0.2403482804341915,9649,7.747727369325081,0.06466536173605157,9649,-12.549334536783133,0.13201081757494748,9649,-2.916566506330133,0.04046506599652139,9649,-91.36482110320037,4.329890388778323,9649
S_control,-27.0,-28.0,-26.0,5301,0.4480676480617994,0.23419593873534922,5301,7.897859365551679,0.05746516007266377,5301,-12.220755906119587,0.11257548182035902,5301,-2.8242219860312647,0.03384523708126357,5301,-105.15151362119919,5.007900977008926,5301
S_control,-25.0,-26.0,-24.0,7501,0.31724061928664354,0.2140820955284188,7501,7.976125670432186,0.04326525137814778,7501,-12.023929905181443,0.08263148550996285,7501,-2.7648787914338784,0.026472118087868826,7501,-119.85007845598506,4.134518639452662,7501
S_control,-23.0,-24.0,-22.0,11078,0.22016486054577183,0.1793117491284457,11078,8.064888337933052,0.053252672832078685,11078,-11.824650787973429,0.1065284269103557,11078,-2.704198563399319,0.03247038495869713,11078,-130.04488445318083,4.245144042014302,11078
S_control,-21.0,-22.0,-20.0,6533,0.1769301582650995,0.21933081350409636,6533,8.195063917721503,0.060629011705946805,6533,-11.537174559479341,0.1160615541785908,6533,-2.630428497069501,0.03393322958342007,6533,-141.91120144593773,4.8763293079196535,6533
S_control,-19.0,-20.0,-18.0,7634,0.025311336902649407,0.24621706698250584,7634,8.310764903868149,0.057784862610299324,7634,-11.269820635429223,0.10991493910413787,7634,-2.5667838312281295,0.0316305241542697,7634,-154.8947250014463,4.212100319543237,7634
S_control,-17.0,-18.0,-16.0,8945,-0.09914736183435252,0.22955668024447057,8945,8.440765005985075,0.05986821045504117,8945,-10.993983397528586,0.11502099568623668,8945,-2.500567451202801,0.029930521880167385,8945,-165.95403746081354,4.276456126684754,8945
S_control,-15.0,-16.0,-14.0,8731,-0.2314580889555025,0.21477424876206117,8731,8.57791590737051,0.06559073600257,8731,-10.704445000217053,0.11956181933130659,8731,-2.4354192225868547,0.030588155675331536,8731,-177.22314281673974,4.179448100980156,8731
S_control,-13.0,-14.0,-12.0,8477,-0.3584271057200226,0.19819671689727017,8477,8.724413398221431,0.0684786607761752,8477,-10.402503110461693,0.12454447831570273,8477,-2.3716337077027325,0.031104174701288283,8477,-188.47887233641183,4.034766475674145,8477
S_control,-11.0,-12.0,-10.0,7521,-0.48086988667739805,0.19079339832827474,7521,8.888344292415583,0.06897925057193274,7521,-10.087569213205448,0.12151590291106826,7521,-2.3050450018389177,0.030373622392810832,7521,-199.167971866656,4.000496365397486,7521
S_control,-9.0,-10.0,-8.0,5667,-0.63530152760161,0.20579744489864124,5667,9.051406965101352,0.07272782761593416,5667,-9.779080407936732,0.1217174274095992,5667,-2.2450637543424747,0.030242950135275552,5667,-209.61793188235197,3.8277549454876976,5667
S_control,-7.0,-8.0,-6.0,3711,-0.8259231104206926,0.214010798312691,3711,9.223153530054349,0.07527368564446364,3711,-9.463061530618017,0.12272560087608769,3711,-2.1880178035357827,0.028646603306596657,3711,-220.2222212072639,3.7050529750091457,3711
S_control,-5.0,-6.0,-4.0,2442,-1.023800001306109,0.2108825388045774,2442,9.399235492145342,0.07151249598561456,2442,-9.153232530349499,0.11123021957744085,2442,-2.131920128463067,0.0264396746132241,2442,-230.07968535486066,3.3469811254393194,2442
S_control,-3.0,-4.0,-2.0,1485,-1.2388693726576108,0.20569592492589964,1485,9.590968336397808,0.07880470917885127,1485,-8.831413791401987,0.12254883531237389,1485,-2.0762747712288676,0.025525916337364313,1485,-239.85330564816687,3.386624666605393,1485
S_control,-1.0,-2.0,0.0,820,-1.4662089871687438,0.1696138837249367,820,9.78966538093075,0.08092340070428725,820,-8.51497836629515,0.11790793528953976,820,-2.0223976220945756,0.022929701605067816,820,-249.09098300563858,3.2378991121815304,820
G1,-59.0,-60.0,-58.0,2901,-0.6428326734305374,0.2535398446026101,2901,6.983818216244698,0.04240858525792377,2901,-13.602641969662077,0.10686310437249594,2901,-3.764990248886227,0.029465502742646518,2901,104.23340977460815,4.821729788728732,2901
G1,-57.0,-58.0,-56.0,3970,-0.580053706946047,0.2545892289826906,3970,6.971050793719666,0.04616706620118749,3970,-13.736938919394934,0.11692633318803988,3970,-3.744380846608964,0.029081605569737226,3970,91.37544955369532,4.715250702284123,3970
G1,-55.0,-56.0,-54.0,4837,-0.5178545963266201,0.24336656177108207,4837,6.967436782890878,0.04438690492940818,4837,-13.8396706347465,0.11058148815861117,4837,-3.7180414816238523,0.027037771083884436,4837,78.44126255207088,4.813559483314089,4837
G1,-53.0,-54.0,-52.0,5548,-0.4500253575588168,0.24558878187115543,5548,6.97414082925168,0.03936656393300592,5548,-13.911338091263238,0.09523644595099995,5548,-3.6861473841159995,0.027400924770088438,5548,65.23729266804304,4.824337251887314,5548
G1,-51.0,-52.0,-50.0,5950,-0.3847586337701677,0.24029533318284824,5950,6.991809751026384,0.03810815278233475,5950,-13.944857641706548,0.09025339548485234,5950,-3.648453259738508,0.026724585227451525,5950,52.27737392707483,4.7698099344813505,5950
G1,-49.0,-50.0,-48.0,6235,-0.31703807573022696,0.24020761474824673,6235,7.012543807929907,0.041364789784741805,6235,-13.95792126459091,0.09916085104550167,6235,-3.6095062640062343,0.02792551406621242,6235,38.70933744525537,4.885498484975914,6235
G1,-47.0,-48.0,-46.0,6757,-0.2961328718674402,0.25925613130757186,6757,7.03274124532847,0.04324389117746998,6757,-13.963905842878129,0.10539040784098004,6757,-3.565997006209314,0.027303027175875755,6757,25.51135545905026,4.965652750646549,6757
G1,-45.0,-46.0,-44.0,6889,-0.2791206120440807,0.27261478732152356,6889,7.060609335649441,0.03835368124383912,6889,-13.943102673514192,0.08757966971924624,6889,-3.519701606512101,0.02619174531001604,6889,12.381379852333536,4.9974096036528355,6889
G1,-43.0,-44.0,-42.0,6273,-0.27133113612721255,0.2829255548745084,6273,7.0999749802396845,0.04056373548621955,6273,-13.886150986023202,0.09033586174006104,6273,-3.4676674472861246,0.026101550570491877,6273,-0.6502548602784494,4.810825931166695,6273
G1,-41.0,-42.0,-40.0,4815,-0.30493558334725684,0.27357774984728245,4815,7.129353858807082,0.047077394161274565,4815,-13.84316907233319,0.10687040244160277,4815,-3.4214642172837935,0.028087676500780232,4815,-13.962904197374979,5.2482373310996895,4815
G1,-39.0,-40.0,-38.0,6481,-0.2747843142606823,0.21365714745805045,6481,7.187803013429367,0.03999138767443064,6481,-13.717090726479352,0.09498282270135042,6481,-3.363646780618648,0.03171956281908413,6481,-28.61180458940934,4.778037027027644,6481
G1,-37.0,-38.0,-36.0,6486,-0.21255779034488315,0.19070981010495333,6486,7.252965724129205,0.037237682554526204,6486,-13.57616310717605,0.08118435197153318,6486,-3.2992004425539454,0.03024341307699761,6486,-39.821035450196206,4.3626354368554585,6486
G1,-35.0,-36.0,-34.0,4420,-0.22937155988908386,0.1984160313781579,4420,7.323852708015634,0.04349212646687227,4420,-13.417197429977541,0.09394524964740619,4420,-3.228508051198509,0.02881283167752415,4420,-54.14506384069568,4.723336903831356,4420
G1,-33.0,-34.0,-32.0,4983,-0.26251606678352746,0.2128740311579855,4983,7.38258233085973,0.04487855709845884,4983,-13.276733673598134,0.09765366592433193,4983,-3.174800522690424,0.031585274283448504,4983,-67.25544523713776,4.950152627431404,4983
G1,-31.0,-32.0,-30.0,13025,-0.060746647650972624,0.2194059683610641,13025,7.5337717506586,0.05220001009438616,13025,-12.948044828572412,0.09017961018434291,13025,-3.068687691283538,0.04113652697993158,13025,-81.23984354828771,2.650764987068398,13025
G1,-29.0,-30.0,-28.0,9215,0.3625565327015177,0.24499431155450013,9215,7.747373688773048,0.06327319213022164,9215,-12.54609911403369,0.12931442170864668,9215,-2.9165508644883493,0.03933283200230922,9215,-91.6652840757813,4.501191797847861,9215
G1,-27.0,-28.0,-26.0,5554,0.41381636025400637,0.24096630217735168,5554,7.88555482228811,0.057945844985618104,5554,-12.239958917751213,0.1074544193392353,5554,-2.830352810483854,0.03283517609797604,5554,-105.38168438838238,4.997749441161479,5554
G1,-25.0,-26.0,-24.0,8685,0.2752675124034652,0.21814807512201742,8685,7.960188863724879,0.049372672683445126,8685,-12.053530114163285,0.0943911657582511,8685,-2.7723324749861327,0.02992112064373057,8685,-119.32717087776297,4.085554059183199,8685
G1,-23.0,-24.0,-22.0,10675,0.21064851435924717,0.18342744869918687,10675,8.05840578015291,0.05593584722109759,10675,-11.836499443927337,0.1122077883791916,10675,-2.706964474156328,0.03337873648428982,10675,-129.7430323877518,4.225278815655758,10675
G1,-21.0,-22.0,-20.0,6690,0.15064678736905507,0.23167625874950407,6690,8.187276172305424,0.059343579083751506,6690,-11.543718639168102,0.11023970381181422,6690,-2.633194119569806,0.03369025161408907,6690,-142.65863502527634,4.80198431041472,6690
G1,-19.0,-20.0,-18.0,8133,0.00022518024050936084,0.2543132336519845,8133,8.29782780518326,0.059067672143595755,8133,-11.288267005714593,0.1111531389490098,8133,-2.571331974641702,0.03165498728261053,8133,-154.82686613524942,4.194636584246275,8133
G1,-17.0,-18.0,-16.0,9016,-0.13396220578535045,0.22748693127661926,9016,8.425500757015516,0.059800267728075826,9016,-11.015211702335272,0.11414147142792923,9016,-2.5064300209691157,0.029651099942909168,9016,-166.05596016205024,4.324060291723054,9016
G1,-15.0,-16.0,-14.0,8709,-0.2671569721875961,0.21146276489277072,8709,8.562583539308823,0.06661767827192927,8709,-10.723520414081227,0.12120695871654459,8709,-2.4425361684765963,0.030267478268332003,8709,-177.41021017210292,4.360104011787081,8709
G1,-13.0,-14.0,-12.0,8368,-0.3895617189580207,0.1968398996907859,8368,8.709074807002356,0.06970031225091831,8368,-10.423683923020793,0.12499290946951078,8368,-2.3781291736496404,0.03185310078268742,8368,-188.61040497901985,4.023712748799492,8368
G1,-11.0,-12.0,-10.0,7285,-0.5153459642056502,0.19147989584066033,7285,8.872073527680023,0.06838331123402452,7285,-10.108469032433952,0.12024846917970833,7285,-2.311833091868504,0.029935630147717125,7285,-199.34446880988747,3.960005650342928,7285
G1,-9.0,-10.0,-8.0,5276,-0.6771814385461337,0.20513617808658918,5276,9.033700456483501,0.07061044442294494,5276,-9.800138674647712,0.11740893107246378,5276,-2.252787841971821,0.02970528155710493,5276,-209.75269602465823,3.7887826083210747,5276
G1,-7.0,-8.0,-6.0,3476,-0.8667511639303926,0.2169265366513939,3476,9.202661528444025,0.07557640972964556,3476,-9.484897040289761,0.12190455794700045,3476,-2.1964503290290054,0.02809465059516492,3476,-220.30047675665196,3.6506451455760542,3476
G1,-5.0,-6.0,-4.0,2313,-1.060858554105531,0.21248288051644146,2313,9.377393876214976,0.0746238464777698,2313,-9.176772260299106,0.11761038967780738,2313,-2.1406644622969537,0.026169469229694008,2313,-230.063580506188,3.4522961292161845,2313
G1,-3.0,-4.0,-2.0,1387,-1.2785685499006127,0.20350255332750286,1387,9.571567427671814,0.08084606918214397,1387,-8.851148620689308,0.12366667821079803,1387,-2.083915062872527,0.02520044774192669,1387,-239.80737740043014,3.288577973061546,1387
G1,-1.0,-2.0,0.0,751,-1.500776023651373,0.17169759688010244,751,9.77439700557028,0.08120346978264845,751,-8.52657746321582,0.12013595366971587,751,-2.030304647716506,0.021596497396988962,751,-249.32194375683636,3.1552356117430764,751
G2,-59.0,-60.0,-58.0,2998,-0.6409638501916397,0.2478925612977185,2998,6.9777019983738295,0.04281057139915632,2998,-13.616246905943495,0.1070720433442352,2998,-3.7660235743417756,0.029386945424469495,2998,104.25063803113063,4.765895948481561,2998
G2,-57.0,-58.0,-56.0,4047,-0.5795855604523662,0.255620497883275,4047,6.964225012878526,0.04564066310381875,4047,-13.75225365799434,0.11651076239946324,4047,-3.7451946172227846,0.029529928162310863,4047,91.42019524905314,4.69274049298968,4047
G2,-55.0,-56.0,-54.0,4937,-0.5195997567271579,0.2449724796093177,4937,6.961277807196896,0.04422825330176679,4937,-13.855979248344216,0.1105874313575898,4937,-3.7186795911871178,0.027671698222825572,4937,78.49814831207696,4.918256334877045,4937
G2,-53.0,-54.0,-52.0,5598,-0.45224705213088423,0.24394586207670138,5598,6.968249883950502,0.03876864199549138,5598,-13.925336932657668,0.09362084392459585,5598,-3.686918868894705,0.02758171431483744,5598,65.24385119235734,4.828590316889181,5598
G2,-51.0,-52.0,-50.0,5976,-0.3838736638822349,0.24187204975287885,5976,6.986611297100877,0.03829583290430602,5976,-13.956602919110928,0.09117567501191373,5976,-3.6494177183869345,0.026671402045886753,5976,52.32534872235621,4.827042306829496,5976
G2,-49.0,-50.0,-48.0,6284,-0.31985610950858,0.24372038780268074,6284,7.006407788297615,0.041466219245517744,6284,-13.971994015559709,0.10015555666576942,6284,-3.610502259829569,0.027834427061173946,6284,38.721301496679715,4.893783322549802,6284
G2,-47.0,-48.0,-46.0,6863,-0.3053803079013054,0.2616007895059016,6863,7.0255448632813335,0.043076964281522585,6863,-13.980091996130868,0.10488099568740551,6863,-3.567439567408431,0.02730420439363323,6863,25.52631969002792,5.038968847715252,6863
G2,-45.0,-46.0,-44.0,6881,-0.28701456423104366,0.27269085202835813,6881,7.05429986008627,0.03757192759451119,6881,-13.957381239124663,0.08569944041473919,6881,-3.520714001818913,0.026066401434455894,6881,12.224528975941187,4.9024509019075495,6881
G2,-43.0,-44.0,-42.0,6074,-0.28533064589731694,0.28070192604667704,6074,7.093098997674744,0.04053665483993508,6074,-13.901042357602073,0.09064789347207364,6074,-3.469202792889557,0.026265084517234364,6074,-0.6442781595204041,4.750183032063346,6074
G2,-41.0,-42.0,-40.0,4676,-0.3187983774643123,0.2736532021430535,4676,7.1216378734046835,0.04687736236691781,4676,-13.859206388851067,0.106331207354261,4676,-3.4237157547084296,0.028673658363543734,4676,-14.14514100318236,5.298348638980351,4676
G2,-39.0,-40.0,-38.0,6379,-0.28042104574209614,0.21066124465752994,6379,7.185539288889273,0.038926255420058994,6379,-13.721955128167219,0.09135093684369021,6379,-3.3648739009396897,0.031049172123718837,6379,-28.562686447200495,4.733234059235975,6379
G2,-37.0,-38.0,-36.0,5813,-0.21181497986773193,0.1914479964041579,5813,7.25062889634869,0.038977904309251334,5813,-13.582166132367831,0.08516835036610274,5813,-3.301294264028902,0.0307137118350835,5813,-39.48823308575574,4.293178094349053,5813
G2,-35.0,-36.0,-34.0,4217,-0.21896154099078316,0.20155916498972865,4217,7.329273995822555,0.043475138630713395,4217,-13.405339293930222,0.0921668887221287,4217,-3.22539157012074,0.02890066646730646,4217,-54.43990862880299,4.696548019812688,4217
G2,-33.0,-34.0,-32.0,5005,-0.24893723258633604,0.208491964302008,5005,7.386080740012731,0.04497606885019879,5005,-13.268226791110287,0.09802931814315585,5005,-3.1724016509581574,0.0320966028204955,5005,-67.30555858314386,5.024280673682612,5005
G2,-31.0,-32.0,-30.0,13608,-0.05406792352534394,0.2102592399052529,13608,7.532834850632208,0.045110070508191255,13608,-12.956298530847427,0.08053411676582607,13608,-3.069878729648006,0.03806653422768824,13608,-80.7642901821109,2.6891958537220972,13608
G2,-29.0,-30.0,-28.0,9201,0.3617197160077311,0.24586065529922085,9201,7.747238440092106,0.06325524784738468,9201,-12.545910946441975,0.129341040634403,9201,-2.9167033536382787,0.0392761367430326,9201,-91.675238815233,4.513895076156369,9201
G2,-27.0,-28.0,-26.0,5609,0.4082218856641109,0.2414641152368614,5609,7.884127355358347,0.0584456432281835,5609,-12.242529443091147,0.10889559876782529,5609,-2.831364756600606,0.03294194746158592,5609,-105.4135246346361,4.96496001413961,5609
G2,-25.0,-26.0,-24.0,8724,0.2730635501336559,0.21702863883318263,8724,7.959189303591229,0.04953558384338314,8724,-12.055297901680703,0.09602738048708138,8724,-2.7726253934515404,0.030064712139251024,8724,-119.28828713544817,4.124972170843604,8724
G2,-23.0,-24.0,-22.0,10268,0.2145829436752049,0.18339567718408525,10268,8.05747725022577,0.05635590133754329,10268,-11.839676602592702,0.11246211643852513,10268,-2.707111336585295,0.033351358657620664,10268,-129.62154013725421,4.165883890526364,10268
G2,-21.0,-22.0,-20.0,6586,0.15793449336113954,0.23134212303763138,6586,8.190847861322599,0.06276946839339669,6586,-11.535798753541755,0.11480516608921211,6586,-2.6295475090308242,0.03413275350874253,6586,-142.74010694329175,4.7162384236056045,6586
G2,-19.0,-20.0,-18.0,8494,0.009882686872196837,0.26104703374257054,8494,8.300057103843482,0.060397340307026294,8494,-11.284775523368744,0.11275777060188975,8494,-2.567664270892879,0.032301993860585826,8494,-154.83602007751716,4.2069321766443455,8494
G2,-17.0,-18.0,-16.0,9184,-0.13166061373720714,0.23109717307395825,9184,8.424557881210784,0.06032964593373113,9184,-11.016665723004731,0.1148050896347434,9184,-2.5040475976833623,0.02950104216593911,9184,-166.07809329014816,4.346227682021271,9184
G2,-15.0,-16.0,-14.0,8746,-0.2697141792616528,0.21154603041017533,8746,8.559888416127327,0.06643758336094305,8746,-10.727263469534144,0.12098462675480666,8746,-2.441207851467654,0.030558702955991574,8746,-177.44006109939846,4.347576981813599,8746
G2,-13.0,-14.0,-12.0,8401,-0.39477298922479515,0.1972945301516144,8401,8.706279507299271,0.0697265270918727,8401,-10.427389092524603,0.12478485564259241,8401,-2.3771628552179824,0.03164292971146036,8401,-188.6333844335206,4.0276104759414775,8401
G2,-11.0,-12.0,-10.0,7246,-0.5205033476486316,0.19099616254915228,7246,8.868323821726555,0.06863122833830061,7246,-10.112689389307663,0.11890168251513454,7246,-2.310941934044675,0.02989558265841642,7246,-199.3708841440187,3.942698497686251,7246
G2,-9.0,-10.0,-8.0,5230,-0.6858448290802546,0.2062570616051665,5230,9.029373212891034,0.07086493803586187,5230,-9.804743849580012,0.117784672701514,5230,-2.252450143039761,0.02963606160735495,5230,-209.7615478925972,3.7499692321950886,5230
G2,-7.0,-8.0,-6.0,3451,-0.8749755921897842,0.21760561170643014,3451,9.197828897133698,0.07593171330538946,3451,-9.49007751072412,0.12148236843699449,3451,-2.196133485668759,0.02833166889985566,3451,-220.3062015082418,3.6626429568857164,3451
G2,-5.0,-6.0,-4.0,2302,-1.0699824347449356,0.21083506475339514,2302,9.372349511101723,0.07594835647195093,2302,-9.181755386827351,0.12081814331072654,2302,-2.1402866717715057,0.026384031346994585,2302,-230.08633165857174,3.435635860896453,2302
G2,-3.0,-4.0,-2.0,1354,-1.2879868440545548,0.20129664556616067,1354,9.56710715646371,0.08038874188731535,1354,-8.855356898381517,0.12129849904574831,1354,-2.0840553082976245,0.0252262764767359,1354,-239.8514421403882,3.2760262966658753,1354
G2,-1.0,-2.0,0.0,751,-1.5111644734532481,0.17090565679645173,751,9.76970276111163,0.08060744259481127,751,-8.532088068347731,0.11977811989428204,751,-2.0304283663461318,0.02184663614849338,751,-249.3577528241479,3.2039531314011356,751
G3,-59.0,-60.0,-58.0,3000,-0.6412339680760597,0.24723401020001998,3000,6.977658233362996,0.04281034296055541,3000,-13.61639809992499,0.10689369281166926,3000,-3.766087727784667,0.029446467767751065,3000,104.25823720977188,4.766665350036943,3000
G3,-57.0,-58.0,-56.0,4049,-0.580014121026561,0.2558351768029498,4049,6.964188346448647,0.045709537826249515,4049,-13.752274466778363,0.11621701740788094,4049,-3.7452352903523622,0.02961643298189429,4049,91.42247260726603,4.699622623185403,4049
G3,-55.0,-56.0,-54.0,4938,-0.5202931054166642,0.24535241698440044,4938,6.9611548585336935,0.04418658189451141,4938,-13.856173243847115,0.11059028034178513,4938,-3.7186935800943517,0.02769372274839739,4938,78.49287055982187,4.912419971183642,4938
G3,-53.0,-54.0,-52.0,5598,-0.4525153976827989,0.24391805237998873,5598,6.968216152303258,0.03878819189495762,5598,-13.925297742005514,0.09363164291651833,5598,-3.6869686292175166,0.02760836528390387,5598,65.24944389929863,4.833856750306414,5598
G3,-51.0,-52.0,-50.0,5976,-0.38419456784138484,0.24171706421403447,5976,6.986473382148041,0.03828532247214839,5976,-13.956877784412073,0.09119520234108831,5976,-3.649493282558792,0.02670346931813109,5976,52.3318519878075,4.830351510973729,5976
G3,-49.0,-50.0,-48.0,6289,-0.32028604622330975,0.24375661382443475,6289,7.006405732362584,0.04142991999024266,6289,-13.972031538559305,0.10005598933642787,6289,-3.6105466089461546,0.027848525811511874,6289,38.72218600361607,4.882955667357905,6289
G3,-47.0,-48.0,-46.0,6860,-0.3056798532022411,0.2617984947016782,6860,7.0255048621731415,0.0431114630701386,6860,-13.980283720965314,0.1049565163807698,6860,-3.567520480505446,0.027261889852829322,6860,25.523221778324597,5.0442923014496674,6860
G3,-45.0,-46.0,-44.0,6875,-0.2874047495327071,0.27241513870197837,6875,7.054202799497123,0.03758357465435016,6875,-13.957560292249418,0.08560039018771924,6875,-3.5207692482499033,0.026041781760825288,6875,12.22666354469686,4.8973266309446215,6875
G3,-43.0,-44.0,-42.0,6074,-0.28566171289644077,0.2807050605452681,6074,7.092994339248303,0.04054332871834095,6074,-13.901224836214272,0.09079892688273616,6074,-3.46931492532193,0.026266080870796533,6074,-0.6309322216968176,4.749262222156441,6074
G3,-41.0,-42.0,-40.0,4684,-0.31957941320750416,0.27439283480617366,4684,7.121462970737164,0.04682011351549202,4684,-13.859655037722527,0.1063454680237838,4684,-3.4238673375635056,0.02864478263258317,4684,-14.137488401079963,5.299351229423371,4684
G3,-39.0,-40.0,-38.0,6373,-0.2806595025170233,0.21019360223132058,6373,7.1854354942772805,0.03887348559710412,6373,-13.722027449823683,0.09104239666510572,6373,-3.364971583284538,0.03094142618356738,6373,-28.55646414056379,4.724591105415555,6373
G3,-37.0,-38.0,-36.0,5788,-0.21145408868169685,0.19154057219550563,5788,7.250473403785863,0.038893842015808804,5788,-13.582485133851552,0.08511271362649254,5788,-3.3013641342714006,0.030613062017658958,5788,-39.47084475273181,4.281738208738268,5788
G3,-35.0,-36.0,-34.0,4218,-0.21811586229985494,0.20155095004584528,4218,7.329325170903962,0.04361519113905751,4218,-13.40519301647241,0.09218320400021546,4218,-3.2253907007211478,0.028877632076391768,4218,-54.427728898269294,4.666809452632773,4218
G3,-33.0,-34.0,-32.0,5003,-0.24806340248360512,0.20797782722001232,5003,7.386239261308792,0.04493267991442979,5003,-13.267721566820033,0.09809740969330423,5003,-3.172376427236814,0.03217425462528664,5003,-67.32111547435386,5.050711537977112,5003
G3,-31.0,-32.0,-30.0,13629,-0.05436685609637325,0.2095189342330472,13629,7.532731406488036,0.044876729042012585,13629,-12.956663993018081,0.08026584780601037,13629,-3.0699146816246388,0.03784269198703275,13629,-80.74276390558119,2.68226921944032,13629
G3,-29.0,-30.0,-28.0,9201,0.3617396835023829,0.24588689077074108,9201,7.747202415826733,0.06324544248371688,9201,-12.54590987610637,0.12935046562841712,9201,-2.916701412841247,0.039295493887320204,9201,-91.6755734256026,4.5141173214858075,9201
G3,-27.0,-28.0,-26.0,5608,0.40804754369632545,0.24111009313897827,5608,7.884107744468491,0.05838887807840165,5608,-12.242614952898444,0.10906626903121015,5608,-2.831395079723472,0.032920490145292663,5608,-105.4154675895201,4.964869635282795,5608
G3,-25.0,-26.0,-24.0,8732,0.27295110800516453,0.21703981887203305,8732,7.959131700027946,0.04957005634463055,8732,-12.055333890455932,0.0962252235004331,8732,-2.7726652158359624,0.03009187071915823,8732,-119.28829764659866,4.124100688800026,8732
G3,-23.0,-24.0,-22.0,10268,0.21450983930257478,0.1835086556921271,10268,8.057429456885313,0.05637028947112879,10268,-11.83972624684456,0.11254254900702262,10268,-2.707154782373504,0.033338974208343516,10268,-129.62043809203595,4.155501265208943,10268
G3,-21.0,-22.0,-20.0,6595,0.15800193602956397,0.2309644044935244,6595,8.190736800946917,0.06272391244599948,6595,-11.536084418213298,0.11462044609161788,6595,-2.6295728289039344,0.034122548914659365,6595,-142.75354864042714,4.711574723287552,6595
G3,-19.0,-20.0,-18.0,8485,0.009624425763743363,0.2608117168193715,8485,8.299890765124038,0.06036583354925977,8485,-11.28513615775744,0.11265532100441994,8485,-2.5677548506225136,0.03225652150186157,8485,-154.83470833791282,4.199998694545429,8485
G3,-17.0,-18.0,-16.0,9186,-0.13175678721023137,0.23109706171217687,9186,8.424444667332075,0.06030265931172893,9186,-11.016882468200876,0.11479255279058936,9186,-2.5041042116758208,0.029504843622114228,9186,-166.07506517467849,4.351127828458105,9186
G3,-15.0,-16.0,-14.0,8745,-0.2697144849955553,0.21157741703900768,8745,8.559764477855907,0.06645671100588724,8745,-10.72747610685074,0.12094360395833018,8745,-2.4412408875306357,0.03057922201017195,8745,-177.4350647787612,4.3457040709623715,8745
G3,-13.0,-14.0,-12.0,8400,-0.39502520819303727,0.197314468593498,8400,8.706141039797238,0.06974343953599814,8400,-10.427586000996099,0.12475724686087891,8400,-2.377210579425128,0.03162424894269758,8400,-188.63354729256775,4.029222458368203,8400
G3,-11.0,-12.0,-10.0,7242,-0.5205420149544187,0.19101467297258085,7242,8.868223735982184,0.06856928576958782,7242,-10.112935795999073,0.11875560931294334,7242,-2.3109796610114595,0.029858959097956984,7242,-199.36805811159795,3.9413758897128526,7242
G3,-9.0,-10.0,-8.0,5230,-0.6858351812456764,0.20634228913539074,5230,9.029256756308074,0.07081440168139636,5230,-9.804932298022681,0.11778920255797719,5230,-2.2524441692962256,0.029642173937389334,5230,-209.75763826721277,3.7510114563815593,5230
G3,-7.0,-8.0,-6.0,3452,-0.8756671617751348,0.21764506315217166,3452,9.197691438767967,0.07592984937631987,3452,-9.490065499605908,0.12157479805485157,3452,-2.1962096557079134,0.028333682012660993,3452,-220.31750098927554,3.668539284783598,3452
G3,-5.0,-6.0,-4.0,2300,-1.0699534339540353,0.21089561286026734,2300,9.372256098979616,0.07570188701962717,2300,-9.181670441223918,0.12061015154612352,2300,-2.1403186601355326,0.02634852858024339,2300,-230.09302173652378,3.425396771563548,2300
G3,-3.0,-4.0,-2.0,1354,-1.2882708669947749,0.20116543925491517,1354,9.56714878499857,0.08035592075897306,1354,-8.855335106492543,0.12125561654392576,1354,-2.0841378520852,0.025221262775677177,1354,-239.84966836541327,3.2757119600218956,1354
G3,-1.0,-2.0,0.0,750,-1.5110707463296804,0.17108349525704544,750,9.769597052779302,0.08061921134062562,750,-8.53220320200049,0.11963525670321361,750,-2.0304788415415764,0.021827434526863924,750,-249.35777682054666,3.208869539349484,750
G4,-59.0,-60.0,-58.0,2993,-0.6187077939340073,0.24907374900760434,2993,6.978564484122745,0.042654545660803,2993,-13.613779706128655,0.10763512753872474,2993,-3.764143182385411,0.029252835046743395,2993,104.23493669575537,4.760567225991533,2993
G4,-57.0,-58.0,-56.0,4061,-0.559553970312311,0.2560526905260723,4061,6.964531441313733,0.045817923559820894,4061,-13.751742934853926,0.11738873524492753,4061,-3.7432431452540786,0.029286018098273796,4061,91.31476460207045,4.688761593007834,4061
G4,-55.0,-56.0,-54.0,4918,-0.502689336368641,0.2452663677026586,4918,6.961588075747341,0.044392595127210326,4918,-13.855573910209472,0.11105794071320181,4918,-3.7168894144667832,0.027495512259443064,4918,78.44138920275032,4.871890408094725,4918
G4,-53.0,-54.0,-52.0,5626,-0.4357295607543961,0.2439329021740511,5626,6.968193143791072,0.03884587469990104,5626,-13.925591727851039,0.09378565922759242,5626,-3.6850498959393123,0.027485964181285884,5626,65.2239961663517,4.837887471248345,5626
G4,-51.0,-52.0,-50.0,5995,-0.36913162484628453,0.2423929879594413,5995,6.986520953694472,0.038274144762191264,5995,-13.957422788072213,0.09162516912892935,5995,-3.647702906066401,0.02664097333786976,5995,52.28651341323461,4.809835769965682,5995
G4,-49.0,-50.0,-48.0,6319,-0.3097434429053839,0.24470228981650108,6319,7.00589223442317,0.04182419894914225,6319,-13.973195186485396,0.10065760158109341,6319,-3.6089674716388376,0.027954243385862925,6319,38.71016189068272,4.873474420446564,6319
G4,-47.0,-48.0,-46.0,6876,-0.29616404456347034,0.2621016820509146,6876,7.025172066739533,0.04289686738779013,6876,-13.981069753893557,0.10409947259296144,6876,-3.5660505510919345,0.027255512243201975,6876,25.51197563751516,5.015271004791468,6876
G4,-45.0,-46.0,-44.0,6840,-0.27807851443095866,0.2717207346084147,6840,7.054199460121813,0.03730963324643046,6840,-13.95782133005812,0.08556911151578658,6840,-3.5193197459056735,0.026137422361561358,6840,12.227652864770722,4.910783906037706,6840
G4,-43.0,-44.0,-42.0,5973,-0.2755330736423221,0.28337642329956314,5973,7.093246129339844,0.039463683503087044,5973,-13.900665059431365,0.08845193865462112,5973,-3.4676100437397865,0.02606136367310654,5973,-0.6560114146347863,4.793655075397901,5973
G4,-41.0,-42.0,-40.0,4358,-0.3126459352918257,0.2741648390904814,4358,7.122688232694827,0.04419175207714228,4358,-13.85900886183741,0.09973020324717194,4358,-3.421749802006728,0.027248740326456633,4358,-13.892436224311155,5.189731888916532,4358
G4,-39.0,-40.0,-38.0,6367,-0.2691027810093386,0.21735243832803625,6367,7.188365590523055,0.0426532831544199,6367,-13.71620301517438,0.10267341369489724,6367,-3.362519449934537,0.03278650620232863,6367,-28.709434781503955,4.7901478975222185,6367
G4,-37.0,-38.0,-36.0,7198,-0.2103018461784028,0.18895087096024651,7198,7.255826215066179,0.03589609470988165,7198,-13.570172640654953,0.078024398457928,7198,-3.296716129165433,0.030084506828739,7198,-40.140489149966264,4.413927076033155,7198
G4,-35.0,-36.0,-34.0,4675,-0.24299776218629765,0.20410792957122498,4675,7.317809122589902,0.04313789863496263,4675,-13.430416334696497,0.09417823102425024,4675,-3.2317751957270566,0.02923797036051588,4675,-53.77359509691705,4.756144095461989,4675
G4,-33.0,-34.0,-32.0,5093,-0.27663256473783315,0.21521099477244404,5093,7.377208307896354,0.046234569431254716,5093,-13.287111130790226,0.09933084085914688,5093,-3.17721109728006,0.03215777670908071,5093,-67.26823839607005,5.036878057659471,5093
G4,-31.0,-32.0,-30.0,12137,-0.07730248504422979,0.22663753501958864,12137,7.5298961161881754,0.06116266209108812,12137,-12.943825207278643,0.10357525196287685,12137,-3.069854959308797,0.044596255540268435,12137,-81.73515781951248,2.7578002515145585,12137
G4,-29.0,-30.0,-28.0,9227,0.36368997066175013,0.24426468569836599,9227,7.7478727321096335,0.06345485444025041,9227,-12.546049888098482,0.12983127157506993,9227,-2.9163833222675817,0.03949579597762815,9227,-91.65550145004126,4.487477407706307,9227
G4,-27.0,-28.0,-26.0,5495,0.41855712938973716,0.23990900193930584,5495,7.887555232055489,0.05703462391645787,5495,-12.235287162933222,0.10840849354164127,5495,-2.829243717719979,0.03306168296680473,5495,-105.3412559286823,5.016330582768941,5495
G4,-25.0,-26.0,-24.0,8473,0.28048254554486907,0.21810056538779093,8473,7.9619185539173385,0.04856349410173612,8473,-12.049639923942461,0.09347862210165396,8473,-2.771574941448717,0.029468799304652665,8473,-119.39569637370282,4.077559158847742,8473
G4,-23.0,-24.0,-22.0,10357,0.21902305099395294,0.18024398728673163,10357,8.059820555038865,0.056204410473820667,10357,-11.834909139376569,0.11289716544904703,10357,-2.706093277955942,0.03343886687794263,10357,-129.69034757802552,4.172913789000715,10357
G4,-21.0,-22.0,-20.0,6052,0.18532304509706607,0.21388311567550305,6052,8.200149996112227,0.06333911866905105,6052,-11.525141884493841,0.11597365932669704,6052,-2.6255507332667323,0.03374447286418551,6052,-142.35984747582404,4.883363854527441,6052
G4,-19.0,-20.0,-18.0,8171,0.03244033157242763,0.251567532622796,8171,8.310543875833796,0.060818400670854124,8171,-11.269552639185637,0.11312281237228132,8171,-2.5609769591389555,0.03156772504550711,8171,-154.84139042607882,4.207374601720639,8171
G4,-17.0,-18.0,-16.0,9435,-0.10543464087058144,0.23141727755235286,9435,8.43384790819172,0.061792296168706504,9435,-11.002401141781244,0.11669211282404683,9435,-2.496912816736247,0.029901092935935465,9435,-165.9798095291,4.359980172072871,9435
G4,-15.0,-16.0,-14.0,8978,-0.24990914124376729,0.21617329601538243,8978,8.568126926962442,0.065732431170742,8978,-10.718010838973676,0.11802228832015549,8978,-2.4346984090141186,0.029812410308998328,8978,-177.3727552271041,4.3072094410122626,8978
G4,-13.0,-14.0,-12.0,8507,-0.3812937171900436,0.19817811083458484,8507,8.711400646479996,0.06910613925353533,8507,-10.420289440067183,0.12408200601531896,8507,-2.37218225370929,0.03097367359660048,8507,-188.61302570775567,4.048917781705721,8507
G4,-11.0,-12.0,-10.0,7395,-0.5097309935966872,0.19301406934667042,7395,8.873190675719753,0.06881448558039391,7395,-10.106588466586153,0.1193453912216213,7395,-2.306199584215252,0.030086527629243073,7395,-199.30855195484102,3.9683678502221023,7395
G4,-9.0,-10.0,-8.0,5385,-0.6742013650685915,0.20536997581210645,5385,9.034590429194147,0.0714452668265587,5385,-9.798583210835359,0.11829286568630665,5385,-2.2475466276359373,0.03001677289113534,5385,-209.75561794932824,3.798890921045592,5385
G4,-7.0,-8.0,-6.0,3542,-0.8663982371194703,0.21738694248803214,3542,9.20422094617018,0.07649520318871494,3542,-9.484163455597553,0.12354692661033324,3542,-2.191423308478732,0.02838788407647883,3542,-220.33508395523862,3.6837013794034594,3542
G4,-5.0,-6.0,-4.0,2335,-1.065210632539964,0.21130043590520764,2335,9.37939599793699,0.0749295457835842,2335,-9.175035359095517,0.1160564566921776,2335,-2.1356975806804486,0.026087161452589734,2335,-230.13710575135795,3.426514761396972,2335
G4,-3.0,-4.0,-2.0,1398,-1.284127092746962,0.20441192225468388,1398,9.571839026815592,0.07977285584849467,1398,-8.850372422021156,0.1225364297255648,1398,-2.079960541268062,0.02510905496536419,1398,-239.8377029212699,3.274081547519423,1398
G4,-1.0,-2.0,0.0,759,-1.5110527532643627,0.17435555446689005,759,9.772800079948203,0.08049376945585524,759,-8.528736415456468,0.11730982192575484,759,-2.026827038012965,0.021724734745778403,759,-249.31919589372882,3.1630087603789034,759
G5,-59.0,-60.0,-58.0,2994,-0.6191407683798769,0.2488229849719849,2994,6.978498614908021,0.04263246534624184,2994,-13.61388011099846,0.10737034241698698,2994,-3.7641557576069564,0.029288960742782543,2994,104.24337394964087,4.758463828247902,2994
G5,-57.0,-58.0,-56.0,4059,-0.5597271894240651,0.25632057070262565,4059,6.964461306290292,0.045823966132217175,4059,-13.751857787452575,0.11714159652531397,4059,-3.7433169570702076,0.029293953035314745,4059,91.31902256545237,4.694539896129885,4059
G5,-55.0,-56.0,-54.0,4923,-0.5031472592834476,0.24548274085243357,4923,6.961475472805533,0.04437312601422841,4923,-13.855737312171268,0.11096191085316662,4923,-3.716929484887612,0.02755400633358688,4923,78.44275010942742,4.874302575703369,4923
G5,-53.0,-54.0,-52.0,5624,-0.4362667651777222,0.2436009614886331,5624,6.968096598903708,0.03884513589717552,5624,-13.925729368280326,0.09381072218398119,5624,-3.6851229846007705,0.02750189326644188,5624,65.22220775730855,4.851190454868388,5624
G5,-51.0,-52.0,-50.0,5999,-0.36927770713432195,0.2423814286896058,5999,6.986465388830814,0.03828903632393614,5999,-13.957560002560413,0.09159573995661285,5999,-3.647728549346369,0.026661542260094692,5999,52.29235498246756,4.824101124071506,5999
G5,-49.0,-50.0,-48.0,6320,-0.3101896360283707,0.24518039229714816,6320,7.005842813965955,0.04168462295137125,6320,-13.973363520093702,0.10046025770485417,6320,-3.6089710354928375,0.02793412147388844,6320,38.712697635093036,4.875211652823842,6320
G5,-47.0,-48.0,-46.0,6877,-0.2964112485347303,0.26157381025522647,6877,7.025036594757906,0.04293764593073108,6877,-13.981667185805492,0.10436765907531753,6877,-3.566164918140956,0.02724949886598124,6877,25.508273514875466,5.013341437817473,6877
G5,-45.0,-46.0,-44.0,6838,-0.2786277268433851,0.2720509811156607,6838,7.054085358529552,0.03726483012831012,6838,-13.958012251538058,0.08549364425629857,6838,-3.5193625795192647,0.026084707864042638,6838,12.21414113754983,4.9021386771196855,6838
G5,-43.0,-44.0,-42.0,5974,-0.2760955089942712,0.28351760220139266,5974,7.093127570879574,0.03946461716881034,5974,-13.90101970773997,0.08843311755862023,5974,-3.4676807484401655,0.026002743357594782,5974,-0.6581870515920694,4.794845310790881,5974
G5,-41.0,-42.0,-40.0,4358,-0.31282229116225324,0.27405769187799295,4358,7.122686166521688,0.04437560879164714,4358,-13.85870923233251,0.09973335966475481,4358,-3.4218035923663574,0.027280246518162965,4358,-13.896629873701583,5.179626672947139,4358
G5,-39.0,-40.0,-38.0,6373,-0.2694513908192696,0.21766664600573327,6373,7.1884950517952335,0.04266228522904435,6373,-13.716055610484869,0.10250864870657406,6373,-3.362528566056726,0.032865855179850405,6373,-28.710003386345747,4.804689379616862,6373
G5,-37.0,-38.0,-36.0,7161,-0.2106846525159269,0.18926250380373114,7161,7.2557393894121756,0.035898956597824404,7161,-13.570286622713603,0.07833646928838654,7161,-3.296817912813327,0.030044287475006627,7161,-40.126492136979834,4.416178933739851,7161
G5,-35.0,-36.0,-34.0,4676,-0.2423461321686961,0.20354269706429765,4676,7.317759028167352,0.04299993438825437,4676,-13.430070855436659,0.09388400315506075,4676,-3.2315236310450364,0.02913668967684143,4676,-53.80348351836666,4.781882630623303,4676
G5,-33.0,-34.0,-32.0,5086,-0.2759660685669953,0.21580723085844583,5086,7.377530985758179,0.046030077549280284,5086,-13.286437548429117,0.09934934152987454,5086,-3.176965751443304,0.03208493558219627,5086,-67.30854891327891,5.0401149065239546,5086
G5,-31.0,-32.0,-30.0,12165,-0.07700888723310591,0.2260203197525643,12165,7.530409824749224,0.060746958125778114,12165,-12.943792057073233,0.1029163922158173,12165,-3.0698379382127494,0.04452229055835868,12165,-81.71995489240499,2.760649697359842,12165
G5,-29.0,-30.0,-28.0,9225,0.36370858487053104,0.24430068110223185,9225,7.747890271739761,0.06345257932400532,9225,-12.546022553347495,0.1298415217393695,9225,-2.9163762652670897,0.039496130472859506,9225,-91.65821943943843,4.488179327847245,9225
G5,-27.0,-28.0,-26.0,5499,0.4183289900452183,0.2398840374636695,5499,7.887423095985727,0.05708775391479519,5499,-12.235508501969033,0.10828587786750664,5499,-2.8292823810104912,0.03305439528072816,5499,-105.34504366653208,5.016602406568711,5499
G5,-25.0,-26.0,-24.0,8478,0.28045463590670866,0.21805970222178428,8478,7.961859476535965,0.048645936535948474,8478,-12.04962452902998,0.09357074040604085,8478,-2.7715741552699313,0.029490164493500986,8478,-119.39948384370935,4.075558591967994,8478
G5,-23.0,-24.0,-22.0,10351,0.21898679052316788,0.18022758888536458,10351,8.059771965367592,0.05614151386213293,10351,-11.8349363444924,0.11289310858877775,10351,-2.7061172228280728,0.03343924414722979,10351,-129.690698288284,4.172302522197228,10351
G5,-21.0,-22.0,-20.0,6062,0.18420680832564362,0.21389116556288806,6062,8.199971557706975,0.06329854270471877,6062,-11.525248602620195,0.11580990136438904,6062,-2.62563055034729,0.0337517273820451,6062,-142.37089228541473,4.891783844957472,6062
G5,-19.0,-20.0,-18.0,8173,0.03233805856964486,0.25155340875854476,8173,8.310398317168305,0.06073886353022547,8173,-11.269887430622891,0.1129455873347428,8173,-2.5610021399675857,0.03151655959161018,8173,-154.84278166659993,4.205123196770229,8173
G5,-17.0,-18.0,-16.0,9430,-0.10589208538504513,0.23128105924284584,9430,8.433779555755088,0.06184812705304481,9430,-11.002521964344284,0.1166806307816573,9430,-2.4969539135677215,0.02995015853252637,9430,-165.97794554880187,4.353144952121106,9430
G5,-15.0,-16.0,-14.0,8974,-0.25008819633008317,0.21572030182416882,8974,8.568025291204133,0.0657590052034127,8974,-10.718163949991693,0.11810749609516806,8974,-2.434756620333668,0.029849564512460833,8974,-177.37599628920398,4.309641777379003,8974
G5,-13.0,-14.0,-12.0,8511,-0.38152393415824337,0.19820033524408634,8511,8.711357539748592,0.06901812050511717,8511,-10.420482957786668,0.12408037190450918,8511,-2.3721587359038385,0.031023850152433707,8511,-188.61453730917916,4.0478431123168335,8511
G5,-11.0,-12.0,-10.0,7390,-0.5098761745584032,0.1930319772199837,7390,8.873199499769594,0.06884176800784794,7390,-10.10660921962844,0.1193300606734535,7390,-2.3062040513826765,0.030116817115903187,7390,-199.3112381901023,3.9755174508908087,7390
G5,-9.0,-10.0,-8.0,5384,-0.6743234591789542,0.20563246884258982,5384,9.034572815213327,0.07154735141541313,5384,-9.7986058457235,0.11826224499710954,5384,-2.2476280199535195,0.030037352254698706,5384,-209.75366539852493,3.7971705013824004,5384
G5,-7.0,-8.0,-6.0,3539,-0.8667005314146378,0.21684694484079062,3539,9.204116271997497,0.07655763356487719,3539,-9.48408637353539,0.12338840824598199,3539,-2.191498276246658,0.028358648578277496,3539,-220.32973212854975,3.681788128224381,3539
G5,-5.0,-6.0,-4.0,2334,-1.065248125294273,0.21121023365472316,2334,9.37923824751464,0.07487596706890214,2334,-9.175330712878356,0.11586662694328259,2334,-2.1357729077314467,0.026059684117982873,2334,-230.13265776171124,3.4245756551404543,2334
G5,-3.0,-4.0,-2.0,1399,-1.2842323017699464,0.2043097734815883,1399,9.57165222219751,0.07986408463402159,1399,-8.850585644920631,0.12256815355086928,1399,-2.0800097355742406,0.02513279511581786,1399,-239.8351240576941,3.2782984013359946,1399
G5,-1.0,-2.0,0.0,758,-1.511438730858201,0.17405488974227507,758,9.772726030965696,0.08064465443369218,758,-8.528822941012242,0.11704990939016671,758,-2.026879699425147,0.021632683754890424,758,-249.3136679775668,3.142423934866084,758
