case,phi1_deg,response_density_log,response_phi2_deg,response_distance_kpc,response_pm1_masyr,response_pm2_masyr,response_rv_kms,response_phi2_width_deg,response_distance_width_kpc,response_pm1_width_masyr,response_pm2_width_masyr,response_rv_width_kms,sigma_phi2_deg,sigma_distance_kpc,sigma_pm1_masyr,sigma_pm2_masyr,sigma_rv_kms,z_phi2,z_distance,z_pm1,z_pm2,z_rv,n_control,n_perturbed,n_control_phi2,n_perturbed_phi2
G1,-59.0,0.10417388993723685,-0.05534133753832937,-0.020499490412691834,-0.049674560345053465,-0.006267061440874411,0.07478834048055205,-0.008357693890163886,0.0020822985868575797,0.005286646681673501,0.00038556389627177057,0.14040307250567796,0.00823367572724749,0.0012613696416573998,0.0031537984725099008,0.0009391714165419655,0.15762673112523487,-6.721340428211146,-16.251770881179727,-15.75070847996218,-6.6729686726942425,0.47446483186365457,2614,2901,2614,2901
G1,-57.0,0.09256835011749374,-0.04624010712473914,-0.02212808917648701,-0.04942002280019864,-0.007949814064075689,0.002764587877095437,0.002658243914454017,0.00016145914320907923,0.0015980786340661218,0.0004939012661863765,-0.15141465002850207,0.008705299670402811,0.001443874935967391,0.004072586134635267,0.0008619639408171862,0.1537971441593193,-5.311719168261501,-15.325488811578595,-12.134801123027593,-9.222907928768871,0.017975547544833374,3619,3970,3619,3970
G1,-55.0,0.04958642900574175,-0.0529155222043704,-0.021016115682655823,-0.049281675162411887,-0.008090464749767712,-0.06636519616331782,-0.006353903374250541,-0.000654940852827697,-0.0003544093309159613,-0.00046463416621430123,-0.1231721385193163,0.006151708672598006,0.0012642803156831192,0.0030761181998924304,0.0006121480373629156,0.1191887692227889,-8.601760099608713,-16.622987340667674,-16.020735212364478,-13.21651668544227,-0.5568074626164424,4603,4837,4603,4837
G1,-53.0,0.04856488313038425,-0.0423641104889661,-0.01840971999645369,-0.041343490498027435,-0.007456737854710127,-0.1503171728548125,0.0022693385331885585,-0.001532661396899719,-0.004062405648690509,2.2533433507301165e-05,-0.13218199565873867,0.006110929070273617,0.0009763116467333551,0.002534209446746039,0.0006601682943161818,0.11597885294863512,-6.932515498346186,-18.85639698968136,-16.31415688672184,-11.295207478017398,-1.29607397411824,5285,5548,5285,5548
G1,-51.0,-0.0011757790890119504,-0.049102042701767656,-0.018013616968240775,-0.039223690547549594,-0.007387606720387296,0.0018434354739653713,0.0004117467373782602,-0.00032655760436867826,-6.83958152369879e-05,-0.00041871833304073236,-0.257447084163835,0.005967905702888927,0.0009878679227977873,0.002055110500036444,0.0006865109570769984,0.11710845004581377,-8.227684073157938,-18.234843497320533,-19.085927762450744,-10.761090765167074,0.015741267801291918,5957,5950,5957,5950
G1,-49.0,0.029624562222449573,-0.047255872267897736,-0.019882692382812373,-0.04304036202977812,-0.008869103308138726,-0.03819648211086246,0.0018036543264937088,0.0020907997025872913,0.005527942245436249,0.0008138668086883488,-0.15053289479123677,0.0051014278882785995,0.0010088573635410503,0.0021442651228653076,0.0006026554861319587,0.12431236242455046,-9.263263796490422,-19.708130307960378,-20.072313619625902,-14.716705501286565,-0.307262136813185,6053,6235,6053,6235
G1,-47.0,0.026696246466176642,-0.062307753684593015,-0.022145653726093784,-0.04946322767628075,-0.008747680914197975,-0.040176904469230834,0.007420517726028419,-0.001801647362234579,-0.002314570495004359,-0.0012189836542321891,0.06028124108908006,0.005690077478813559,0.0009458905803385087,0.0019489245033358928,0.0005636503743474576,0.10533649421083059,-10.95024697231097,-23.41248997126967,-25.379755650676366,-15.519693257234563,-0.3814148626288712,6579,6757,6579,6757
G1,-45.0,0.002179758183416633,-0.06522107511214756,-0.019640747081958843,-0.04349262459160563,-0.008983556467609066,-0.04515255200411339,0.008532577210833059,-0.0011546537306852886,-0.004164149462611219,0.00012858088153121575,0.090835516520956,0.0062643801369494274,0.0009052686335721738,0.0019367533888234362,0.00048122667611583846,0.12160585064630042,-10.411417201113268,-21.69604286901757,-22.456459786047976,-18.66803507261636,-0.3713024641835936,6874,6889,6874,6889
G1,-43.0,-0.04899510320078767,-0.061615210630417555,-0.02112788867270865,-0.047669000926154226,-0.010025159019660279,0.023715377151014683,0.004678441899075181,0.0019095650220972912,0.0055133285212109195,9.32381458899692e-05,-0.08300345738465786,0.0061162972586947025,0.000849444513165992,0.0022570177382995973,0.000555670535799985,0.11613468020196258,-10.073939840452923,-24.872594201547333,-21.120348377087776,-18.041552275625534,0.20420581612463004,6588,6273,6588,6273
G1,-41.0,-0.06861896981873306,-0.08146997242596718,-0.027471934669971,-0.05990970731588163,-0.014449497774789766,-0.4994990854977335,0.0024213800040198685,0.0011622860031669513,0.0032420900932180613,0.0002732337271665365,0.37833453153894325,0.007068964844999178,0.001301353261677485,0.002793575451193144,0.0007099657413987781,0.13209087107578726,-11.525021585529847,-21.110282256916786,-21.44553041883799,-20.35238735086188,-3.7814807445031184,5157,4815,5157,4815
G1,-39.0,-0.018649271766855387,-0.03830502085452453,-0.013537939212314498,-0.026143261902380033,-0.010605002491925308,0.25603727004652654,-0.012004113677524242,-0.006200715590449657,-0.015052843417165937,-0.0015201586433927008,0.034876665288107844,0.0049572294966356715,0.001004247793314765,0.002113557224387281,0.000677991265279754,0.11791545589702526,-7.727102584320747,-13.480676086555516,-12.369318228399965,-15.641798110112013,2.1713631016286965,6603,6481,6603,6481
G1,-37.0,-0.4341383656844015,-0.021774686734214732,-0.01662514315952457,-0.036714889215495816,-0.010254170814362418,0.9321283313110058,-0.01577652747597222,-0.0004286477017646645,-0.0018762188422843523,0.0012699515259253329,-0.24102382475849105,0.004299095649315857,0.0007793892951401093,0.0016671583965502089,0.0006194494142644885,0.09348081698866016,-5.064945865458908,-21.33098730402231,-22.022436075341503,-16.553685544343995,9.971332743316514,10012,6486,10012,6486
G1,-35.0,-0.31010967841130027,0.01859465336483987,0.009546112538834528,0.024873367934283408,0.008341097968970423,-1.9005602688433,-0.023465787893990314,0.0030762391139932954,0.008064081949356927,0.003046151162996072,0.2132425741372428,0.005090966767888089,0.0009781022377664216,0.0024374631094395915,0.0006954833398360504,0.11607856381275622,3.6524798162360788,9.759830997456744,10.20461308232975,11.993239077354046,-16.37305120271002,6027,4420,6027,4420
G1,-33.0,0.014961864223352179,0.04582178249985125,0.016913426247864294,0.03761956383235798,0.007716004926511033,0.23003680756114875,-0.022603743199675008,-0.006892124232973897,-0.012925239018722251,-0.003930000644374862,-0.11986722819702411,0.005756613048380037,0.0013578538378188221,0.0029523171710412197,0.0008858549073341144,0.13447934439639425,7.9598510642896025,12.455999148651406,12.742385608620214,8.710235573149925,1.7105735352418676,4909,4983,4909,4983
G1,-31.0,0.3218086808890512,0.1300428861029682,0.03803100975574658,0.06287570458532166,0.024917550249189624,0.5261672887013304,-0.03435620549049831,-0.011211564468000701,-0.04668952254738605,0.0006682228530905734,-1.718194744700607,0.004299813636717947,0.0010922648373640873,0.0022504365932609982,0.0007039218347022948,0.06075976682668511,30.243842429001205,34.81848765499499,27.939336204185842,35.398177781667826,8.659797694783824,9441,13025,9441,13025
G1,-29.0,-0.04602169191646012,-0.004645124712832183,-0.00035368055203299775,0.0032354227494426624,1.5641841783597954e-05,-0.3004629725809309,0.004646031120308619,-0.0013921696058299265,-0.002696395866300799,-0.0011322339942121673,0.17130140906953795,0.00422626349041051,0.0011423385959272734,0.002447928946024972,0.0007919561097053709,0.0876131483039079,-1.0991091121914378,-0.3096109623661133,1.3216979825727575,0.019750894767914782,-3.429427870103477,9649,9215,9649,9215
G1,-27.0,0.04662290687893867,-0.03425128780779302,-0.012304543263568668,-0.01920301163162641,-0.0061308244525890565,-0.2301707671831963,0.006770363442002464,0.00048068491295433224,-0.00512106248112372,-0.0010100609832875349,-0.01015153584744688,0.005136859483540991,0.0013547750369011639,0.0024471893744715967,0.0007618562917142164,0.12381698216438988,-6.667748634654608,-9.082351629177776,-7.846965924234111,-8.047219034963119,-1.8589595963306724,5301,5554,5301,5554
G1,-25.0,0.14656105470556893,-0.041973106883178346,-0.015936806707307127,-0.029600208981841902,-0.007453683552254287,0.5229075782220889,0.004065979593598612,0.006107421305297345,0.011759680248288246,0.003449002555861745,-0.048964580269463376,0.004546918380316202,0.0009083978337323306,0.0017099897614669573,0.0005971019031285726,0.08513251880558778,-9.231110693537333,-17.54386251872446,-17.310167375767577,-12.483101315202644,6.142277775384783,7501,8685,7501,8685
G1,-23.0,-0.037056600496223946,-0.009516346186524666,-0.006482557780142173,-0.011848655953908604,-0.002765910757009049,0.3018520654290171,0.004115699570741177,0.002683174389018904,0.0056793614688358945,0.000908351525592696,-0.01986522635854371,0.0032436271620400214,0.0009123136982115671,0.0018936542929109356,0.0006480670384149182,0.08035399211333771,-2.933859445343752,-7.105623638941412,-6.257032235643596,-4.267939260996952,3.7565285493626845,11078,10675,11078,10675
G1,-21.0,0.02374761828152389,-0.026283370896044433,-0.007787745416079517,-0.0065440796887603625,-0.0027656225003052093,-0.7474335793386047,0.012345445245407705,-0.0012854326221952983,-0.005821850366776585,-0.00024297796933100274,-0.07434499750493373,0.004694738143370071,0.0012710446716685038,0.0022365313954061695,0.0007863728849909886,0.1249693771381819,-5.598474311748765,-6.127043045510369,-2.9259950037821456,-3.51693522639314,-5.980933861198235,6533,6690,6533,6690
G1,-19.0,0.06331790486160027,-0.025086156662140046,-0.012937098684888682,-0.01844637028536944,-0.0045481434135723475,0.06785886619687176,0.008096166669478655,0.0012828095332964307,0.0012381998448719317,2.4463128340826423e-05,-0.017463735296961325,0.0047271686748389255,0.001226441343316869,0.0022915739940232217,0.0006268807467850626,0.08786367719769812,-5.306803794767243,-10.54848546600748,-8.049650735032087,-7.255197159742665,0.7723198978365721,7634,8133,7634,8133
G1,-17.0,0.007906059776792727,-0.03481484395099793,-0.015264248969558025,-0.021228304806685472,-0.005862569766314607,-0.10192270123670255,-0.0020697489678513092,-6.794272696534348e-05,-0.0008795242583074514,-0.0002794219372582174,0.04760416503830012,0.004469493075140481,0.001177739864373512,0.0022039025334718645,0.0005192475099536216,0.10509111488076087,-7.789439062930791,-12.960628599998783,-9.632143202469111,-11.290511083699261,-0.9698507942593122,8945,9016,8945,9016
G1,-15.0,-0.0025229371180680404,-0.03569888323209361,-0.015332368061686807,-0.019075413864173996,-0.007116945889741544,-0.1870673553631832,-0.003311483869290449,0.001026942269359274,0.001645139385237998,-0.00032067740699953315,0.18065591080692567,0.004039152962110907,0.0012880442074028205,0.002418953304764746,0.0005488480292120459,0.08155078870194817,-8.838210279968443,-11.903603908597674,-7.885813184818449,-12.967061027729285,-2.293875489627415,8731,8709,8731,8709
G1,-13.0,-0.01294170630370145,-0.0311346132379981,-0.015338591219075326,-0.021180812559100204,-0.0064954659469078635,-0.1315326426080219,-0.0013568172064842565,0.00122165147474311,0.00044843115380804877,0.0007489260813991344,-0.011053726874652448,0.003537084604383226,0.0013832231620606007,0.002559290932950823,0.000629284137728345,0.07902028078074877,-8.802337721697542,-11.089021381210303,-8.276047199791801,-10.321992177263308,-1.6645428402485047,8477,8368,8477,8368
G1,-11.0,-0.03188166819709787,-0.0344760775282521,-0.01627076473556066,-0.020899819228503702,-0.006788090029586247,-0.17649694323148424,0.0006864975123855865,-0.000595939337908219,-0.0012674337313599293,-0.0004379922450937074,-0.04049071505455748,0.004020363364088039,0.0013665735159268336,0.002762481109528165,0.000613322532332985,0.08735434937895085,-8.575363569425148,-11.906249130348138,-7.565597156996819,-11.067732998110133,-2.0204711555440125,7521,7285,7521,7285
G1,-9.0,-0.07149164233241397,-0.0418799109445237,-0.017706508617850503,-0.021058266710980433,-0.007724087629346066,-0.13476414230626688,-0.0006612668120520582,-0.0021173831929892223,-0.004308496337135426,-0.0005376685781706206,-0.03897233716662285,0.005083845048000103,0.0018132473081232496,0.0026980037161697438,0.0006611534700990819,0.105678209665235,-8.237841741655469,-9.765081982212964,-7.80512887538794,-11.682745351375857,-1.275231126011404,5667,5276,5667,5276
G1,-7.0,-0.06541917467531497,-0.04082805350970009,-0.020492001610323385,-0.02183550967174419,-0.008432525493222709,-0.07825554938804657,0.0029157383387029,0.0003027240851819213,-0.0008210429290872456,-0.0005519527114317378,-0.054407829433091415,0.0067256893989741835,0.002172907357647538,0.003542050649492585,0.0008685848018091873,0.11981596771184609,-6.0704637231578475,-9.430683520952643,-6.164652014468576,-9.708350267767159,-0.6531312218438938,3711,3476,3711,3476
G1,-5.0,-0.05427199243921077,-0.03705855279942205,-0.021841615930366487,-0.023539729949607846,-0.008744333833886841,0.01610484867265427,0.001600341711864045,0.003111350492155246,0.006380170100366525,-0.00027020538353009216,0.10531500377686509,0.006458782903564284,0.0025921810814609958,0.00443316338357376,0.001021652263698244,0.1249037419879465,-5.737699091723808,-8.425960704124957,-5.3099170756552345,-8.559011852265199,0.12893807996727932,2442,2313,2442,2313
G1,-3.0,-0.06827163092196846,-0.03969917724300198,-0.019400908725993204,-0.019734829287321176,-0.007640291643659314,0.045928247736725325,-0.002193371598396776,0.0020413600032927054,0.0011178428984241484,-0.0003254685954376217,-0.09804669354384687,0.009691765134431856,0.0041167227734039075,0.005359900882962727,0.0012343304150158523,0.16582825227534248,-4.096176154946536,-4.712707120171608,-3.681939222057516,-6.189826930223696,0.27696274372153257,1485,1387,1485,1387
G1,-1.0,-0.08789868849416402,-0.034567036482629154,-0.015268375360468767,-0.01159909692067096,-0.007907025621930241,-0.23096075119778448,0.002083713155165756,0.0002800690783612003,0.002228018380176111,-0.0013332042080788538,-0.08266350043845394,0.011990656653634522,0.0056129995405294645,0.00804133182681166,0.0014228810080759867,0.2277700771755743,-2.8828309809164154,-2.720181117105263,-1.442434806880732,-5.55705331440335,-1.014008310756951,820,751,820,751
G2,-59.0,0.13706378447837567,-0.05347251429943167,-0.026615708283560302,-0.06327949662647114,-0.0073003868964232055,0.09201659700303821,-0.014004977195055474,0.002484284728090126,0.005495585653412766,0.0003070065780947477,0.08456923225850765,0.007669525864462996,0.0012432807172714651,0.003210086271675947,0.000927362153096271,0.15123118240025726,-6.972075620371574,-21.407641825228175,-19.712709027422395,-7.872207068240514,0.6084498946751717,2614,2998,2614,2998
G2,-57.0,0.11177812131212314,-0.04577196063105837,-0.02895387001762728,-0.06473476139960432,-0.008763584677896397,0.047510283234913686,0.0036895128150384315,-0.0003649439541596605,0.0011825078454894833,0.0009422238587600135,-0.17392485932294477,0.008013517128972976,0.0014120130744427056,0.004403485024839617,0.0008697160500076631,0.1321144684449897,-5.711844112190046,-20.50538379685671,-14.70080198625453,-10.076374556752379,0.3596145357440256,3619,4047,3619,4047
G2,-55.0,0.07004959444162137,-0.05466068260490814,-0.02717509137663754,-0.06559028876012718,-0.0087285743130332,-0.009479436157235455,-0.004747985536014909,-0.00081359248046909,-0.0003484661319373278,0.00016929297272683455,-0.01847528695636047,0.006382961707959547,0.00126467682205368,0.002741602424951279,0.0006715092197439049,0.127335069575779,-8.563529769690819,-21.487775297809698,-23.924070158091133,-12.99844299436728,-0.07444481860980255,4603,4937,4603,4937
G2,-53.0,0.05753677177106082,-0.044585805061033545,-0.02430066529763142,-0.05534233189245796,-0.008228222633415605,-0.143758648540512,0.0006264187387345077,-0.0021305833344142586,-0.005678007675094604,0.00020332297825630466,-0.12792893065687228,0.005570727927285509,0.0009884489635240286,0.0023713718444534197,0.0006636265661462176,0.10395782625461154,-8.00358689977509,-24.584643410413857,-23.337686167566808,-12.398874688212333,-1.382855468605327,5285,5598,5285,5598
G2,-51.0,0.0031844491839657495,-0.048217072813834805,-0.02321207089374777,-0.0509689679519294,-0.008352065368813832,0.04981823075534919,0.001988463307408872,-0.00013887748239740927,0.0008538837118244047,-0.0004719015146055043,-0.20021471181568984,0.005480325851305354,0.0009438016389806075,0.002050591557343384,0.0006696191102231557,0.11894539100508596,-8.798212756336381,-24.594226090578672,-24.855738710814528,-12.472859930820139,0.4188327965832575,5957,5976,5957,5976
G2,-49.0,0.03745270348382449,-0.05007390604625078,-0.026018712015104306,-0.05711311299857691,-0.009865099131473265,-0.026232430686519592,0.0053164273809277185,0.0021922291633632296,0.006522647865704001,0.0007227798036498756,-0.14224805721734857,0.005046174730668107,0.0009302395109402752,0.0022210041890997883,0.0006116306983447279,0.11420047816888126,-9.923141531728344,-27.969906361862545,-25.714995621744347,-16.129175919670875,-0.22970508624076605,6053,6284,6053,6284
G2,-47.0,0.04226190582263676,-0.0715551897184582,-0.029342035773230357,-0.0656493809290204,-0.010190242113315318,-0.025212673491573412,0.00976517592435816,-0.0019685742581819765,-0.0028239826485788877,-0.0012178064364747158,0.13359733815778352,0.005648959548323167,0.0009482214597773646,0.002043445736499788,0.0005805698863986684,0.1128349653227593,-12.666967979917398,-30.944285715828084,-32.12680413108058,-17.552136878001686,-0.22344734559410465,6579,6863,6579,6863
G2,-45.0,0.0010178117927006245,-0.07311502729911054,-0.025950222645129806,-0.057771190202076994,-0.00999595177442103,-0.20200342839646268,0.008608641917667637,-0.0019364073800132234,-0.006044378767118275,3.2370059710705446e-06,-0.004123185224329973,0.00622623583714264,0.0008129084908722934,0.0019238009250851004,0.0005052183953385702,0.1290615179831471,-11.743054585716541,-31.922686177485804,-30.029713287263053,-19.78540739341504,-1.5651716449115403,6874,6881,6874,6881
G2,-43.0,-0.08123244569183685,-0.07561472040052195,-0.028003871237649136,-0.06256037250502544,-0.011560504623092438,0.029692077909059922,0.0024548130712438443,0.001882484375812822,0.005825360253223513,0.0002567720926324561,-0.1436463564880075,0.006312236929377353,0.0008533244795618811,0.0021633636225336125,0.0006100074769034533,0.12744940529949644,-11.979068790749697,-32.81737710375665,-28.91810320437864,-18.951414631467106,0.23297149044584234,6588,6074,6588,6074
G2,-41.0,-0.09791197145899995,-0.09533276654302261,-0.03518792007236993,-0.07594702383375918,-0.016701035199425895,-0.6817358913051148,0.0024968322997909187,0.000962254208810194,0.0027028950058762963,0.0008592155899300388,0.4284458394196049,0.007863600183953918,0.0013430816045232245,0.0028547715287441816,0.0006740915449085654,0.1419959339233579,-12.123297766022494,-26.199390978079215,-26.60353834591043,-24.775618868934554,-4.801094457205237,5157,4676,5157,4676
G2,-39.0,-0.03451274595261602,-0.04394175233593839,-0.015801663752408324,-0.031007663590246537,-0.011832122812966972,0.30515541225537035,-0.015000016478044748,-0.007265847844821302,-0.018684729274826145,-0.0021905493387579904,-0.009926302503561857,0.005070881235483976,0.0010356341438999982,0.0019111474643685013,0.0006870693505474172,0.11674502194583924,-8.66550611133461,-15.257959430443563,-16.22463162490309,-17.221147768474637,2.613862305811541,6603,6379,6603,6379
G2,-37.0,-0.5436875848503143,-0.021031876257063514,-0.018961970940039485,-0.04271791440727668,-0.012347992289318821,1.2649306957514739,-0.015038341176767639,0.0013115740529604653,0.0021077795522852077,0.001740250284011223,-0.3104811672648964,0.0042882676112242415,0.0009359183278350473,0.0021845842021206065,0.0006306082287489646,0.1012201773759301,-4.904515800742949,-20.26028380478673,-19.554254015848784,-19.581083351569088,12.496823543921897,10012,5813,10012,5813
G2,-35.0,-0.35712539973648433,0.029004672263140574,0.014967400345755166,0.03673150398160274,0.011457579046739497,-2.1954050569506123,-0.020322654282419556,0.003059251277834421,0.006285721024079441,0.003133985952778383,0.18645369011857493,0.005021625268112198,0.0010228950974502686,0.002231095466891212,0.0007432239162894362,0.12508752812161475,5.7759531455529,14.632390342923562,16.463438936920113,15.416052680249773,-17.550950841527204,6027,4217,6027,4217
G2,-33.0,0.01936715769126837,0.05940061669704266,0.020411835400865108,0.046126446320204906,0.01011487665877775,0.1799234615550489,-0.02698581005565251,-0.006794612481233947,-0.01254958679989833,-0.0034186721073278664,-0.04573918194581594,0.005546519904067395,0.0013504854755110093,0.0029826695859554186,0.0008466394263067394,0.12514113898194498,10.709529168638298,15.114442747443462,15.464819347540814,11.947089096596248,1.4377642957285834,4909,5005,4909,5005
G2,-31.0,0.3655959483431812,0.1367216102285969,0.03709410972935423,0.05462200231030678,0.023726511884721635,1.0017206548781417,-0.043502933946309524,-0.018301504054195603,-0.05633501596590289,-0.002401769899152764,-1.6797638780469075,0.004048753188751785,0.0009690914422089362,0.002153493665048754,0.0006539632596339368,0.05987533408251469,33.76881816566044,38.277202866225224,25.364366376750016,36.28110835768177,16.73010548045815,9441,13608,9441,13608
G2,-29.0,-0.04754210923802257,-0.005481941406618784,-0.0004889292329748329,0.0034235903411588,-0.00013684730814578216,-0.31041771203263124,0.00551237486502934,-0.0014101138886668946,-0.0026697769405444882,-0.0011889292534887907,0.18400468737804587,0.0042734205643925475,0.0011457801172165833,0.0023582028312323306,0.0007950209373061197,0.08905773832747164,-1.282799416536721,-0.4267216943531689,1.4517794210982808,-0.17213044553201454,-3.485578208725706,9649,9201,9649,9201
G2,-27.0,0.056476968520530926,-0.0398457623976885,-0.013732010193332478,-0.021773536971560148,-0.007142770569341206,-0.26201101343691846,0.00726817650151218,0.0009804831555197263,-0.003679883052533736,-0.000903289619677651,-0.04294096286931559,0.005454071484832792,0.0013043373364372323,0.0024905944012598297,0.0007699829428787369,0.12159866851845201,-7.305691263580875,-10.52795914808446,-8.742305435419887,-9.276530909420556,-2.1547194276815587,5301,5609,5301,5609
G2,-25.0,0.15104150335188343,-0.044177069152987636,-0.016936366840957007,-0.031367996499259476,-0.007746602017661974,0.5617913205368836,0.002946543304763821,0.006270332465235361,0.01339589497711853,0.003592594051382198,-0.0095464686090585,0.0045162534814546865,0.0009231678711294765,0.0018114318924596212,0.0005891413423611997,0.08522405435136642,-9.781795759337713,-18.345923174552986,-17.316685562307832,-13.148970307557487,6.591933754063137,7501,8724,7501,8724
G2,-23.0,-0.07592889660201814,-0.005581916870566944,-0.007411087707282604,-0.015025814619272992,-0.0029127731859759365,0.42334431592661304,0.004083928055639563,0.003103228505464607,0.005933689528169431,0.0008809736989235373,-0.0792601514879383,0.0030391845157792274,0.0009487104571046082,0.0019240681514200554,0.0006263723340951793,0.07937388372204103,-1.8366495491096488,-7.8117487287962195,-7.809398335595969,-4.650226434702864,5.333546704217223,11078,10268,11078,10268
G2,-21.0,0.008079928095559264,-0.018995664903959958,-0.004216056398904655,0.0013758059375863496,0.0008809880386766444,-0.8289054973540146,0.01201130953353502,0.0021404566874498807,-0.001256388089378696,0.0001995239253224576,-0.16009088431404894,0.004829119852044769,0.0014043154542311032,0.0022699573847003132,0.0007942652830852345,0.12222062783789805,-3.933566671764571,-3.002214627918517,0.606093289177756,1.1091861339507942,-6.78204254075177,6533,6586,6533,6586
G2,-19.0,0.10674807756804139,-0.01542865003045257,-0.01070780002466698,-0.01495488793952049,-0.0008804396647494883,0.05870492392912752,0.014829966760064706,0.0026124776967269697,0.0028428314977518854,0.0006714697063161246,-0.005168142898891226,0.004692819854462585,0.001306250990554861,0.002436402748151711,0.0005863558259873493,0.08639768107828584,-3.287714105577879,-8.197352654346,-6.138101736613733,-1.5015450102622225,0.6794733747070639,7634,8494,7634,8494
G2,-17.0,0.026368122616528124,-0.03251325190285462,-0.016207124774290094,-0.022682325476145238,-0.0034801464805611637,-0.12405582933462256,0.0015404928294876774,0.0004614354786899588,-0.00021590605149328368,-0.0004294797142282737,0.06977155533651747,0.0045897793255527085,0.0010980919697543353,0.002173865900398104,0.00048574521341679573,0.08631380582308286,-7.083837717827386,-14.759350965762865,-10.434095990921696,-7.16455125945834,-1.4372651993691417,8945,9184,8945,9184
G2,-15.0,0.0017165421620581912,-0.03825609030615032,-0.018027491243183036,-0.022818469317090972,-0.00578862888079934,-0.2169182826587246,-0.003228218351885831,0.0008468473583730513,0.0014228074235000665,-2.9452719339961853e-05,0.1681288808334438,0.004084289947433149,0.0012671768580350205,0.0024143894751818356,0.0006073379811314098,0.08291138631244645,-9.366644092002602,-14.22649974143137,-9.451030809920358,-9.53114914699671,-2.6162665021819973,8731,8746,8731,8746
G2,-13.0,-0.009005867243558443,-0.036345883504772525,-0.01813389092215978,-0.024885982062910372,-0.00552914751524991,-0.15451209710877833,-0.0009021867456557586,0.0012478663156974962,0.00024037732688968194,0.0005387550101720803,-0.00715599973266734,0.003668279402107196,0.001275462917817715,0.0026090902826068074,0.0005966302176600744,0.08302364326920601,-9.908155710247724,-14.2174975601693,-9.53818356873652,-9.267293797043482,-1.8610613919672185,8477,8401,8477,8401
G2,-11.0,-0.037249515371380555,-0.03963346097123355,-0.020020470689027903,-0.025120176102214842,-0.005896932205757377,-0.20291227736271367,0.00020276422087753265,-0.0003480222336321309,-0.002614220395933717,-0.0004780397343944129,-0.05779786771123474,0.004024468122176894,0.0013726643156388434,0.0028542041894036485,0.000635227631004301,0.08813136351993937,-9.848123967694699,-14.585117760353738,-8.801113878073103,-9.283179631897104,-2.302384409572939,7521,7246,7521,7246
G2,-9.0,-0.08024859911065065,-0.05054330147864461,-0.02203375221031756,-0.02566344164327994,-0.00738638869728625,-0.14361601024523907,0.000459616706525251,-0.0018628895800722883,-0.003932754708085198,-0.0006068885279206029,-0.07778571329260897,0.004999854327212622,0.0016356180992636862,0.0030308366646777988,0.000726645393155272,0.08799297459676181,-10.108954815654016,-13.471208358623933,-8.467444630840296,-10.165052674747919,-1.6321304161312467,5667,5230,5667,5230
G2,-7.0,-0.07263733796259422,-0.049052481769091605,-0.02532463292065046,-0.0270159801061034,-0.00811568213297642,-0.08398030097788478,0.0035948133937391546,0.0006580276609258195,-0.0012432324390932031,-0.0003149344067409979,-0.04241001812342926,0.006318840368794363,0.002143603830730095,0.004200619598329898,0.0009117384708883715,0.1170433187231213,-7.762893016151765,-11.814045374244868,-6.431427429621225,-8.901326852061793,-0.7175146936541446,3711,3451,3711,3451
G2,-5.0,-0.059039065388822067,-0.04618243343882655,-0.026885981043619722,-0.028522856477852798,-0.008366543308438779,-0.006646303711079327,-4.7474051182272436e-05,0.004435860486336374,0.009587923733285694,-5.564326622951518e-05,0.08865473545713343,0.006567011836458074,0.0023828997283019434,0.004478167903529777,0.0011080328994093312,0.14064029914332163,-7.032488228882972,-11.282883926793973,-6.369313766768446,-7.55080766365223,-0.047257462843607226,2442,2302,2442,2302
G2,-3.0,-0.09235159776457966,-0.049117471396944,-0.023861179934097976,-0.02394310697953017,-0.007780537068756921,0.0018635077786655074,-0.004399279359738967,0.0015840327084640782,-0.0012503362666255735,-0.00029963986062841313,-0.11059836993951766,0.009238361351406791,0.003621504201076511,0.005538012312333342,0.0011758242770394912,0.1892450907200207,-5.316686534399797,-6.588748378920868,-4.323411655515474,-6.6170917038274455,0.00984706008264426,1485,1354,1485,1354
G2,-1.0,-0.08789868849416402,-0.0449554862845043,-0.019962619819120064,-0.017109702052581,-0.008030744251556143,-0.26676981850931725,0.00129177307151504,-0.000315958109475975,0.001870184604742281,-0.0010830654565744356,-0.03394598078039479,0.012260593529160625,0.005341804588327774,0.0074234401209024034,0.0013150619342396303,0.22370872290228067,-3.666664764440813,-3.7370554255653268,-2.3048211845077993,-6.1067422320299505,-1.1924873337453468,820,751,820,751
G3,-59.0,0.1377306734660796,-0.05374263218385167,-0.026659473294393443,-0.0634306906079658,-0.007364540339314551,0.09961577564428126,-0.014663528292753997,0.0024840562894892157,0.005317235120846822,0.0003665289213763169,0.08533863381388951,0.007665540565032709,0.0012516895623863494,0.003114765660093314,0.0009202973840736477,0.16002628999079566,-7.010938332125615,-21.298790127775046,-20.364514551012967,-8.002348443843013,0.6224963138869928,2614,3000,2614,3000
G3,-57.0,0.11227219246841875,-0.0462005212052532,-0.028990536447506265,-0.06475557018362821,-0.00880425780747407,0.04978764144780712,0.003904191734713236,-0.000296069231728896,0.0008887628539071823,0.00102872867834344,-0.16704272912722207,0.008500790842788408,0.001399627596429184,0.004294899986421817,0.0008824325154629303,0.13473274122785683,-5.434849775706118,-20.713035754274,-15.077317373710862,-9.977259057430917,0.36952889842571696,3619,4049,3619,4049
G3,-55.0,0.07025212608788331,-0.05535403129441446,-0.027298040039839933,-0.0657842842630263,-0.008742563220267119,-0.014757188412332312,-0.00436804816093217,-0.0008552638877244653,-0.0003456171477420056,0.00019131749829865222,-0.024311650649763372,0.006151493662789819,0.0012615249337563396,0.0027364892757299245,0.0006860034859470712,0.1310317424810005,-8.998470018631274,-21.63892231488187,-24.039664560892223,-12.744196493691948,-0.11262300365479833,4603,4938,4603,4938
G3,-53.0,0.05753677177106082,-0.04485415061294823,-0.024334396944875714,-0.05530314124030333,-0.00827798295622717,-0.13816594159922602,0.0005986090420218582,-0.0021110334349480203,-0.005667208683172123,0.00022997394732273205,-0.12266249723963885,0.005411462249741046,0.0010513864348408012,0.00235210924595884,0.0006442202377442848,0.10248270247670761,-8.288730206903805,-23.145055080114645,-23.51214822836979,-12.849616437403837,-1.3481879210848147,5285,5598,5285,5598
G3,-51.0,0.0031844491839657495,-0.04853797677298477,-0.023349985846583543,-0.05124383325307491,-0.008427629540671333,0.0563214962066354,0.0018334777685644899,-0.0001493879145550367,0.0008734110409989865,-0.0004398342423611659,-0.1969055076714561,0.005536842056812217,0.0009510295291127078,0.002111148463242559,0.0006983420618887941,0.11981889406110872,-8.766364703010877,-24.552324751018645,-24.272965234462188,-12.068053752737253,0.4700552166498126,5957,5976,5957,5976
G3,-49.0,0.03824805865181609,-0.05050384276098052,-0.026020767950135415,-0.05715063599817327,-0.00990944824805906,-0.025347923750160817,0.005352653402681734,0.0021559299080881472,0.006423080536362452,0.0007368785539878034,-0.15307571240924567,0.005092775393491739,0.0009513290084878471,0.002223666019273496,0.000617319294263733,0.11589948950284981,-9.916762248247075,-27.35201777510795,-25.70108797941033,-16.052387055029445,-0.21870608627260213,6053,6289,6053,6289
G3,-47.0,0.04182468363393299,-0.07185473501939393,-0.02938203688142238,-0.06584110576346625,-0.010271155210330285,-0.0283105851948946,0.00996288112013477,-0.0019340754695659629,-0.0027484619552145956,-0.0012601209772786226,0.13892079189219864,0.005737743439224351,0.0009494247937689623,0.0020032901554369706,0.0005666351371101697,0.11254423853321341,-12.523169740943926,-30.947197792026852,-32.866484959641085,-18.12657658808985,-0.2515507285300948,6579,6860,6579,6860
G3,-45.0,0.00014546512499290703,-0.073505212600774,-0.026047283234277074,-0.05795024332683241,-0.010051198205411449,-0.19986885964078915,0.00833292859128787,-0.0019247603201742527,-0.0061434289941382225,-2.1382667659535642e-05,-0.009247456187257974,0.006165768853249872,0.0008172522379020173,0.0018559900674763323,0.0005218949766995491,0.13184219991004698,-11.921499872968909,-31.871779637023103,-31.223358541799627,-19.25904378113577,-1.5159703022033557,6874,6875,6874,6875
G3,-43.0,-0.08123244569183685,-0.07594578739964578,-0.028108529664089943,-0.06274285111722477,-0.011672637055465618,0.04303801573264643,0.0024579475698349174,0.0018891582542186966,0.00597639366388604,0.0002577684461946249,-0.1445671663949124,0.006292671103156074,0.0008383375845008713,0.0021844887127426857,0.0006208412526900753,0.12818776338224885,-12.068926876148883,-33.52889120535515,-28.721984577548767,-18.801323212477655,0.3357419974971358,6588,6074,6588,6074
G3,-41.0,-0.09620256933335096,-0.0961138022862145,-0.035362822739889666,-0.0763956727052193,-0.01685261805450189,-0.6740832892027182,0.0032364649629110787,0.0009050053573844072,0.0027171556753990966,0.0008303398589694748,0.42944842986262444,0.008040460037754694,0.0013264024383129289,0.00280371798191855,0.0006623940374806554,0.14331252959243676,-11.953769042430855,-26.66070396015569,-27.247987564335077,-25.441983322493382,-4.703589359002512,5157,4684,5157,4684
G3,-39.0,-0.035453774880277296,-0.044180209110865565,-0.015905458364400715,-0.03107998524671096,-0.011929805157815387,0.311377718892075,-0.015467658904254111,-0.007318617667776174,-0.018993269453410636,-0.0022982952789094464,-0.018569256323981875,0.0050031449314854115,0.001041278008462804,0.0019337638910732415,0.0006670917036901828,0.11469813713021337,-8.830487566497231,-15.274939291074906,-16.072275105654978,-17.88330613590713,2.714758292356372,6603,6373,6603,6373
G3,-37.0,-0.5479975648002904,-0.020670985071028436,-0.019117463502866805,-0.04303691589099756,-0.012417862531817647,1.2823190287754045,-0.014945765385419918,0.0012275117595179352,0.0020521428126750174,0.0016396004665866805,-0.3219210528756813,0.0043543715687129865,0.0009604662171529236,0.0021201967312383468,0.0006234447534563553,0.0971291760406096,-4.7471798731081005,-19.904358072620226,-20.298548364359057,-19.91814425091151,13.202202273797406,10012,5788,10012,5788
G3,-35.0,-0.3568882924443242,0.029850350954068794,0.01501857542716234,0.036877781439415,0.011458448446331815,-2.183225326416917,-0.020330869226302922,0.0031993037861785395,0.006302036302166192,0.0031109515618636917,0.1567151229386594,0.005254965982035417,0.0009871959405093785,0.002212297745463844,0.0007866399724862383,0.12373701141976651,5.6804080285419465,15.213368299927346,16.6694476433067,14.56631857915442,-17.6440767508965,6027,4218,6027,4218
G3,-33.0,0.01896747743015249,0.06027444679977359,0.020570356696926417,0.04663167061045925,0.010140100380121364,0.1643665703450523,-0.027499947137648195,-0.006838001417002942,-0.012481495249749952,-0.003341020302536725,-0.019308317651315576,0.00558901801266252,0.001359610819047837,0.0030145410150483145,0.000855836122647592,0.1400670648732664,10.784443110259328,15.129591798432624,15.468912307936165,11.848179939813965,1.173484790973326,4909,5003,4909,5003
G3,-31.0,0.3671379686949965,0.1364226776575676,0.036990665585182825,0.05425654013965264,0.023690559908088993,1.0232469314078543,-0.0442432396185152,-0.018534845520374273,-0.05660328492571859,-0.0026256121398082546,-1.6866905123286848,0.004066088077261261,0.0009789979794318597,0.002198064563181594,0.0006405985955442155,0.06012935899896985,33.551333632068285,37.7842103480638,24.683779106614995,36.981910470726,17.017426236414472,9441,13629,9441,13629
G3,-29.0,-0.04754210923802257,-0.005461973911967011,-0.0005249534983482462,0.0034246606767638355,-0.00013490651111425223,-0.31075232240222306,0.005538610336549565,-0.0014199192523346865,-0.0026603519465303593,-0.0011695721092011835,0.18422693270748436,0.004234930986175982,0.001158801987024983,0.0023557707382037903,0.0008078525256252965,0.08911488288570496,-1.2897433109999776,-0.4530139784243644,1.4537325815393412,-0.16699398322711373,-3.487097916077397,9649,9201,9649,9201
G3,-27.0,0.05629866772661992,-0.04002010436547393,-0.013751621083188503,-0.021859046778857305,-0.0071730936922072,-0.26395396832091933,0.0069141544036290525,0.0009237180057378794,-0.003509212789148869,-0.000924746935970909,-0.04303134172613099,0.005401969873688035,0.0013247972343391325,0.002585215796980964,0.0007896002669542733,0.12142302837910568,-7.408427907087048,-10.380170434193593,-8.455405078517808,-9.08446209102232,-2.1738377953875854,5301,5608,5301,5608
G3,-25.0,0.15195809370019814,-0.04428951128147901,-0.01699397040423989,-0.03140398527448873,-0.007786424402083991,0.5617808093863914,0.0029577233436142436,0.006304804966482766,0.013593737990470242,0.003619752631289403,-0.010417950652636065,0.004567967431646542,0.0009331570127695121,0.0018110913940844547,0.0005917501128203788,0.08652954978042801,-9.69567142152646,-18.211265812388387,-17.33981254455914,-13.15829812853369,6.492357937975308,7501,8732,7501,8732
G3,-23.0,-0.07592889660201814,-0.005655021243197056,-0.007458881047739396,-0.01507545887113082,-0.0029562189741847433,0.42444636114487366,0.004196906563681407,0.003117616639050108,0.006014122096666921,0.0008685892496463898,-0.08964277680535915,0.0030201603632277548,0.0010046259293162109,0.0019493260192799207,0.0006230106421593957,0.07724344489268271,-1.8724241639782764,-7.424535670521876,-7.733677549073952,-4.745053734456758,5.494917552351184,11078,10268,11078,10268
G3,-21.0,0.009445530310664734,-0.01892822223553553,-0.004327116774586415,0.001090141266043787,0.0008556681655664811,-0.8423471944894061,0.011633590989428039,0.0020949007400526756,-0.0014411080869729254,0.00018931933123929323,-0.16475458463210124,0.0048775905996252325,0.0013373033200937707,0.0022254192928167988,0.0008050749600971727,0.12127616524870473,-3.8806500564007713,-3.2357033064742566,0.48985881876846377,1.0628428506374137,-6.945694504455835,6533,6595,6533,6595
G3,-19.0,0.10568794436315167,-0.015686911138906044,-0.010874138744110695,-0.015315522328217313,-0.0009710193943841539,0.06001666353347446,0.014594649836865647,0.002580970938960446,0.002740381900282071,0.0006259973475918681,-0.012101624997807647,0.004728574428315395,0.0013480032274373543,0.002403165098492218,0.0005950903042151534,0.08322563768288978,-3.317471550192914,-8.066849190549174,-6.373062898519333,-1.6317177199934418,0.7211319156502322,7634,8485,7634,8485
G3,-17.0,0.026585868942919134,-0.03260942537587885,-0.01632033865299931,-0.022899070672290023,-0.003536760473019651,-0.12102771386494737,0.0015403814677062977,0.0004344488566877594,-0.00022844289564731557,-0.0004256782580531575,0.07467170177335092,0.004638975756189459,0.0011081426526702936,0.0021527382211616957,0.0005050153823548993,0.08589869762751125,-7.029445095152823,-14.72765136661075,-10.637183122029976,-7.003272764737678,-1.4089586595336827,8945,9186,8945,9186
G3,-15.0,0.0016021976418948668,-0.03825639604005279,-0.018151429514603024,-0.02303110663368635,-0.005821664943781002,-0.21192196202144942,-0.0031968317230534893,0.0008659750033172403,0.0013817846270235828,-8.933665159586296e-06,0.16625596998221592,0.004068284466612288,0.0012420371257552045,0.0024001565695167424,0.0006059094328379671,0.08346967208136476,-9.403569576812158,-14.6142407003867,-9.595668435215261,-9.608143772433786,-2.53890972298144,8731,8745,8731,8745
G3,-13.0,-0.00912490777700061,-0.03659810247301465,-0.018272358424193058,-0.025082890534406488,-0.0055768717223956266,-0.15467495615592952,-0.0008822483037721762,0.0012647787598229349,0.00021276854517618404,0.0005200742414092976,-0.005544017305942006,0.0035712019395252904,0.0013114592582767655,0.002725337897313219,0.0006085437228561212,0.08123303240595783,-10.24811900664445,-13.932844889289674,-9.203589235351153,-9.164290934135844,-1.9040894027315085,8477,8400,8477,8400
G3,-11.0,-0.03780169650081654,-0.0396721282770206,-0.020120556433399273,-0.025366582793624914,-0.0059346591725417674,-0.20008624494195715,0.000221274644306102,-0.0004099648023449254,-0.0027602935981249216,-0.0005146632948538482,-0.05912047568463308,0.0040473869651528075,0.0013856842495668534,0.0028724864543981,0.0006004934103196709,0.08525831224843328,-9.801911361228786,-14.520303914610196,-8.830879865346562,-9.882971354144367,-2.3468239009813847,7521,7242,7521,7242
G3,-9.0,-0.08024859911065065,-0.05053365364406648,-0.02215020879327767,-0.025851890085949236,-0.007380414953750858,-0.13970638486080134,0.0005448442367494977,-0.0019134259345378046,-0.003928224851622017,-0.0006007761978862186,-0.07674348910613826,0.004907314309461934,0.0015960001662934581,0.003059709769879529,0.0007171085384622237,0.08471506744461205,-10.297619116556502,-13.878575492081051,-8.449131463526722,-10.291907790663753,-1.6491326640581785,5667,5230,5667,5230
G3,-7.0,-0.07234760885727902,-0.049744051354442265,-0.025462091286382105,-0.02700396898789137,-0.008191852172130698,-0.09527978201163023,0.0036342648394806776,0.0006561637318562297,-0.001150802821236127,-0.00031292129393566473,-0.036513690225547624,0.006365855070117153,0.0020994103335780267,0.004194719756962155,0.0008737242643039403,0.11881669702596873,-7.814197905314048,-12.128210897670034,-6.437609793376955,-9.375786511613942,-0.8019056613802836,3711,3452,3711,3452
G3,-5.0,-0.059908252753408914,-0.04615343264792626,-0.026979393165726506,-0.028437910874419714,-0.008398531672465737,-0.01333638166312312,1.30740556899267e-05,0.004189391034012613,0.00937993196868267,-9.114603298070872e-05,0.07841564612422847,0.0066560815277633715,0.0024439562118054783,0.004606356674833803,0.0010875186215274083,0.13731151336548045,-6.9340245391247635,-11.03922935910354,-6.173623295344525,-7.722655507884626,-0.09712500675472005,2442,2300,2442,2300
G3,-3.0,-0.09235159776457966,-0.04940149433716412,-0.02381955139923697,-0.02392131509055595,-0.00786308085633225,0.003637282753601312,-0.004530485670984463,0.0015512115801217946,-0.0012932187684481233,-0.00030465356168713625,-0.11091270658349739,0.009245337630606457,0.00364501795993674,0.005656542779202221,0.001179295625392155,0.18491561749962535,-5.343395375158796,-6.534824152046253,-4.228963878521172,-6.667607923770186,0.01966995975128321,1485,1354,1485,1354
G3,-1.0,-0.08923113372794264,-0.0448617591609366,-0.020068328151447545,-0.01722483570534017,-0.008081219447000798,-0.26679381490808396,0.0014696115321087555,-0.00030418936366162497,0.001727321413673849,-0.0011022670782038918,-0.029029572832046213,0.01210992508014342,0.005399315918708584,0.0073667732708530085,0.001270523532773425,0.22234471821130555,-3.7045447320310996,-3.716827919238983,-2.338179155518612,-6.360542908922206,-1.199910737949422,820,750,820,750
G4,-59.0,0.13539461366853162,-0.03121645804179929,-0.02575322253464485,-0.06081229681163158,-0.005419994940058626,0.07631526162776936,-0.012823789485169629,0.002328258989736806,0.0060586698479023066,0.00017289620036864753,0.0792405097684794,0.007553228256386645,0.0012128348970825624,0.0032299937552018976,0.0009492557454578519,0.16884743635405888,-4.132863059633364,-21.23390627742774,-18.82737287454303,-5.709730982396545,0.45197761527005165,2614,2993,2614,2993
G4,-57.0,0.11523150412255544,-0.025740370491003195,-0.02864744158241983,-0.06422403825919076,-0.006812112709190465,-0.05792036374776899,0.004121705457835745,-0.00018768349815751623,0.00206048069095377,0.0006983137947229462,-0.1779037593047903,0.008202343030478527,0.0014768982715858735,0.00439086381091008,0.0008410261679895989,0.14635491099517134,-3.1381728849130437,-19.397031016671576,-14.62674339832901,-8.099763085225087,-0.395752785840442,3619,4061,3619,4061
G4,-55.0,0.06619367895889638,-0.037750262246391275,-0.026864822826192736,-0.06518495062538321,-0.006938397592698653,-0.06623854548388408,-0.004454097442673999,-0.0006492506550255517,0.00012204322367467824,-6.8929906556734755e-06,-0.06484121373868046,0.0062778393138802025,0.0012797967870681569,0.0026574450138203694,0.000690450153493147,0.1221777490739939,-6.013257166829047,-20.991475441766383,-24.529181332588582,-10.04909269350683,-0.5421490081943511,4603,4918,4603,4918
G4,-53.0,0.06252609074546414,-0.028068313684545432,-0.024357405457061887,-0.055597127085828646,-0.006359249678022927,-0.1636136745461556,0.0006134588360842408,-0.0020533506300045995,-0.005513192372098033,0.00010757284470474734,-0.11863177629770849,0.005738290188311388,0.000989316102597782,0.0023274599755747647,0.0006328097046140208,0.1113028887204136,-4.891407154995262,-24.620447795303576,-23.887468600657236,-10.049229067847056,-1.469985877519708,5285,5626,5285,5626
G4,-51.0,0.006358789832927089,-0.033475033777884466,-0.023302414300152563,-0.05178883691321445,-0.006637253048280112,0.010982921633747367,0.002509401513971332,-0.0001605656245121656,0.0013033778288400188,-0.000502330222622499,-0.21742124867950352,0.005503702024825946,0.0009259944898856808,0.0020541286549622525,0.0006536223551245184,0.11637730946931557,-6.082275825778034,-25.16474401810898,-25.212070718212217,-10.154568607151878,0.0943733936093716,5957,5995,5957,5995
G4,-49.0,0.04300695088176807,-0.039961239443054686,-0.026534265889549324,-0.05831428392426474,-0.008330310940741992,-0.03737203668351441,0.006298329394748059,0.002550208866987737,0.007024692781027991,0.0008425961283388544,-0.1625569593205869,0.005201579271947151,0.0009326730828721516,0.002180353895185834,0.0006408921281554571,0.11872826974149135,-7.682520510371009,-28.44969622993459,-26.745329761843337,-12.997992290398926,-0.31476948804935034,6053,6319,6053,6319
G4,-47.0,0.04415432941674203,-0.06233892638062316,-0.02971483231503047,-0.06662713869170922,-0.008801225796818635,-0.039556726004331466,0.01026606846937117,-0.0021486711519144303,-0.0036055057430229576,-0.0012664985869059696,0.10989949523399911,0.005848310574493915,0.0009360379437985957,0.00203250262871133,0.0005629147433678267,0.1090808833086963,-10.65930503973238,-31.745328821225772,-32.78083764838863,-15.635095546018821,-0.3626366491036461,6579,6876,6579,6876
G4,-45.0,-0.004958446793183015,-0.06417897749902554,-0.026050622609586682,-0.05821128113553442,-0.008601695861181646,-0.19887953956692783,0.007638524497724231,-0.0021987017280939505,-0.0061747076660708805,7.425793307653389e-05,0.004209818905826168,0.0059899288853120574,0.0008408938408714842,0.0020418794450790478,0.000531156549712886,0.13771124465111137,-10.714480710513813,-30.979680601047548,-28.508676785901468,-16.194276180593555,-1.4441779251272115,6874,6840,6874,6840
G4,-43.0,-0.09800049856522493,-0.06581714814552711,-0.02785673957254886,-0.06218307433431747,-0.009967755473322182,0.017958822794677753,0.005129310324129943,0.0008095130389647875,0.003629405435770991,5.305124850463194e-05,-0.10017431315345249,0.00632709860205386,0.0008575463687757498,0.002086733084857887,0.0005754081231663077,0.12558006354138468,-10.402421755235803,-32.48423710582286,-29.799246863693792,-17.32293144989412,0.14300695738029673,6588,5973,6588,5973
G4,-41.0,-0.16834177854639376,-0.08918032437053605,-0.034137560782226295,-0.07574949682010157,-0.01473508249772415,-0.42903111243390946,0.0030084692472188146,-0.001723356080965334,-0.003898109101212771,-0.0005657024471570626,0.31982908935578536,0.008023794548506121,0.001213323231769766,0.0025839742437090973,0.0006767004941034932,0.1418479785898231,-11.114482534593279,-28.13558653486993,-29.315112952275005,-21.774895431760388,-3.0245839010122513,5157,4358,5157,4358
G4,-39.0,-0.03639569017754606,-0.032623487603180845,-0.012975362118626599,-0.02525555059740725,-0.009477671807814225,0.15840707795191022,-0.008308822807538446,-0.003538820110460396,-0.007362252423619112,-0.0004532152601481945,0.04698753578268189,0.004958862152714361,0.0010246624045694398,0.0021902488329372002,0.0006831273683418794,0.11919722484823804,-6.5788252624291115,-12.663060595141879,-11.530904716218327,-13.873945397355254,1.3289493790949762,6603,6367,6603,6367
G4,-37.0,-0.3299811639126888,-0.019518742567734393,-0.013764652222550744,-0.0307244226943979,-0.007769857425850013,0.6126746315409477,-0.017535466620679035,-0.0017702355464092184,-0.005036172355889532,0.0011110452776667244,-0.18973218558079452,0.0038901896808248735,0.0007227354639254064,0.0014990060366717056,0.0005680663365480123,0.10471795261367636,-5.017426955797089,-19.045214894797795,-20.496530329268314,-13.677729036128712,5.850712473354175,10012,7198,10012,7198
G4,-35.0,-0.2540202117602567,0.004968451067626084,0.003502527113102616,0.011654463215327482,0.00507395344042294,-1.529091525064672,-0.017773889700923223,0.0027220112820836584,0.008297063326200976,0.003471289845987803,0.24604976576787596,0.005001360033287659,0.0009632992272315102,0.002116966824977334,0.0006559534605368954,0.12653750717866405,0.9934199966723967,3.6359700226987224,5.505264928019013,7.735233893377022,-12.084097112057679,6027,4675,6027,4675
G4,-33.0,0.036796792826552085,0.03170528454554555,0.011539403284488436,0.027242106640265717,0.005305430336875361,0.21724364862886603,-0.02026677958521647,-0.005536111900178019,-0.0112480640839073,-0.0033574982187426564,-0.03314179796895722,0.00533540964578983,0.0013490947112660052,0.002804458112760916,0.0008347189754700085,0.14024673705377996,5.942427414278149,8.553441940084202,9.713857559971387,6.355947921140778,1.5490103598314755,4909,5093,4909,5093
G4,-31.0,0.2511967313738449,0.11348704870971105,0.03415537528532209,0.06709532587909095,0.023750282223930608,0.03085301747655933,-0.027124638831973774,-0.002248912471298735,-0.033293880768852105,0.004127951413427429,-1.6111594802544462,0.004342085401769456,0.0011117094573671086,0.002306645948759922,0.000720436315481528,0.060672603161813964,26.136530770091166,30.723292906235756,29.087830282389945,32.966525581176874,0.5085164616107581,9441,12137,9441,12137
G4,-29.0,-0.044720314441827926,-0.003511686752599774,0.00014536278455246077,0.0032846486846516143,0.00018318406255124486,-0.2906803468408867,0.003916405264174472,-0.001210507295801161,-0.002179545999877547,-0.0009692700188932354,0.157587018927984,0.004379206267647344,0.0011052533257493063,0.0024621934200693804,0.0007753620088084775,0.08479322979297044,-0.801900284657377,0.1315198798012321,1.3340335726179702,0.23625617514165984,-3.4281079698297425,9649,9227,9649,9227
G4,-27.0,0.03594310584991555,-0.029510518672062225,-0.010304133496189749,-0.014531256813635096,-0.005021731688714226,-0.18974230748311527,0.00571306320395662,-0.0004305361562059046,-0.004166988278717754,-0.000783554114458844,0.008429605760015058,0.005188836021415929,0.001441442826788375,0.002434066114417175,0.000767516311218672,0.11913721729577875,-5.687309938156303,-7.148485742683256,-5.9699515668720995,-6.542833833382195,-1.592636724190453,5301,5495,5301,5495
G4,-25.0,0.12184829222882788,-0.03675807374177448,-0.014207116514847407,-0.02571001876101775,-0.006696150014838587,0.45438208228223687,0.004018469859372126,0.005298242723588337,0.010847136591691106,0.0029966812167838384,-0.05695948060492029,0.0047399567622341396,0.0009024656549370584,0.0016133220048919496,0.0005696352624301886,0.0896165915848027,-7.754938617720399,-15.742556447578348,-15.936073941258645,-11.755153615791528,5.070289711389688,7501,8473,7501,8473
G4,-23.0,-0.06729854000417042,-0.0011418095518188898,-0.005067782894187189,-0.010258351403139798,-0.001894714556622823,0.3545368751553042,0.0009322381582859418,0.002951737641741982,0.0063687385386913264,0.0009684819192455063,-0.07223025301358721,0.0028479352731658643,0.000895889271877725,0.0019422751625610597,0.0006281327452774075,0.08252607288246534,-0.4009253870961802,-5.656706753018093,-5.281615911523713,-3.0164237907801548,4.296058963816684,11078,10357,11078,10357
G4,-21.0,-0.07647745993250385,0.008392886831966567,0.005086078390723614,0.01203267498549998,0.004877763802768609,-0.4486460298863051,-0.005447697828593306,0.002710106963104246,-8.789485189376889e-05,-0.00018875671923455906,0.007034546607787462,0.005194410432939225,0.0015889267661460978,0.0025348665824223592,0.0008076798829913356,0.12213029031123,1.6157534989428057,3.200952050836031,4.746867179889745,6.039229037998629,-3.673503344199057,6533,6052,6533,6052
G4,-19.0,0.06797934607953242,0.007128994669778222,-0.00022102803435330998,0.00026799624358631036,0.0058068720891739645,0.053334575367472326,0.005350465640290181,0.0030335380605547996,0.003207873268143452,-6.279910876259148e-05,-0.004725717822597453,0.005075536717588248,0.0012297565304497824,0.0022125467633918217,0.0006128606091941527,0.0834125921210502,1.4045794694133786,-0.17973316577751303,0.12112568557668522,9.47502907196041,0.6394067611527047,7634,8171,7634,8171
G4,-17.0,0.05333146185983095,-0.0062872790362289155,-0.0069170977933552535,-0.0084177442526574,0.0036546344665540076,-0.025772068286471495,0.0018605973078822946,0.0019240857136653342,0.001671117137810152,-2.942894423191983e-05,0.08352404538811697,0.004637191860047297,0.001136470407020446,0.0021115208695634494,0.0005334112988196974,0.08609775324992444,-1.3558375900721926,-6.0864741841278835,-3.9865787613066512,6.851438045352203,-0.2993349688424548,8945,9435,8945,9435
G4,-15.0,0.02789722953106979,-0.018451052288264796,-0.009788980408067971,-0.013565838756623094,0.0007208135727361231,-0.14961241036436945,0.0013990472533212672,0.00014169516817200134,-0.0015395310111511046,-0.0007757453663332081,0.12776134003210693,0.004121739091761238,0.0012398282892181257,0.0024060419282986418,0.0005287591579807206,0.08677377439020059,-4.476521166792384,-7.895432370107644,-5.6382387177333015,1.3632171885000337,-1.7241662174518164,8731,8978,8731,8978
G4,-13.0,0.0035327403674788762,-0.022866611470021003,-0.013012751741435125,-0.017786329605490536,-0.0005485460065575154,-0.1341533713438423,-1.860606268533349e-05,0.0006274784773601244,-0.00046247230038376497,-0.0001305011046878017,0.014151306031576105,0.0035819554268420456,0.001251968985419634,0.0024027171602420683,0.000619144678813267,0.07689917022035843,-6.383834734141531,-10.393829154700283,-7.402589826136092,-0.8859738689976789,-1.7445360068180071,8477,8507,8477,8507
G4,-11.0,-0.016895011681502963,-0.028861106919289115,-0.015153616695830152,-0.01901925338070498,-0.0011545823763343677,-0.14058008818503254,0.0022206710183956813,-0.00016476499153883495,-0.002170511689446958,-0.00028709476356775926,-0.0321285151753834,0.004382609860345733,0.0012947098825095958,0.0026542437431598697,0.0006110043481606591,0.08730488385550897,-6.585369868403558,-11.704256606474031,-7.165601663267976,-1.8896467427933568,-1.610220207356268,7521,7395,7521,7395
G4,-9.0,-0.051042566579130276,-0.03889983746698156,-0.01681653590720522,-0.019502802898626825,-0.0024828732934625286,-0.13768606697627206,-0.000427469086534793,-0.001282560789375456,-0.0034245617232925574,-0.00022617724414021254,-0.028864024442105674,0.005089072977500251,0.0016535741936323607,0.0027666909732145493,0.0006924427914803588,0.0901001204432659,-7.6437963532779065,-10.169810324787909,-7.04914393672489,-3.5856728151569692,-1.5281452044558586,5667,5385,5667,5385
G4,-7.0,-0.04660984271781872,-0.04047512669877773,-0.018932583884168963,-0.021101924979536335,-0.0034055049429491113,-0.11286274797470242,0.003376144175341156,0.001221517544251302,0.000821325734245551,-0.0002587192301178286,-0.021351595605686224,0.006696371351435373,0.0023051198267051228,0.0035772560995724757,0.0007587666620727391,0.11520253081044915,-6.0443372349865045,-8.213275364183865,-5.898913690316515,-4.488211084085087,-0.9796898312972261,3711,3542,3711,3542
G4,-5.0,-0.044805484567652244,-0.04141063123385491,-0.019839494208351738,-0.021802828746018577,-0.0037774522173816827,-0.05742039649729236,0.0004178971006302268,0.00341704979796964,0.004826237114736745,-0.00035251316063436566,0.07953363595765284,0.006640914183740761,0.0026299023600699464,0.004800526091464205,0.000938691781465212,0.113427632933307,-6.235682330490335,-7.543813987004474,-4.541758201207591,-4.024166709423434,-0.506229346521357,2442,2335,2442,2335
G4,-3.0,-0.06037212844304447,-0.04525772008935114,-0.01912930958221537,-0.018958630619168915,-0.003685770039194569,0.015602726896958075,-0.001284002671215756,0.0009681466696433993,-1.2405586809080549e-05,-0.0004168613720001227,-0.11254311908597003,0.009844184294482139,0.004135196690284169,0.005719649863214904,0.001191979778540082,0.16762311879527333,-4.59740682777739,-4.6259733248385855,-3.3146488111271615,-3.092141415107597,0.09308218943244029,1485,1398,1485,1398
G4,-1.0,-0.07730256286266882,-0.04484376609561891,-0.01686530098254657,-0.013758049161317842,-0.004429415918389523,-0.22821288809024054,0.004741670741953363,-0.00042963124843201084,-0.0005981133637849162,-0.0012049668592894122,-0.07489035180262693,0.012530648059705725,0.005765187966057959,0.007738689924013726,0.001368153206557606,0.2234886777743639,-3.578726805026239,-2.9253687966185247,-1.777826647198462,-3.2375145540420314,-1.0211384771833776,820,759,820,759
G5,-59.0,0.13572867079540635,-0.03164943248766883,-0.02581909174936925,-0.06091270168143659,-0.005432570161604033,0.0847525155132729,-0.013074553520789067,0.0023061786751756505,0.005793884726164544,0.00020902189640779542,0.07713711202484852,0.007733896912297898,0.0012035162093761958,0.0032326070357186656,0.0009141729139680421,0.16901983886916216,-4.09230079564962,-21.45304861556601,-18.843212617055578,-5.942606785431346,0.5014353112647303,2614,2994,2614,2994
G5,-57.0,0.11473889327515531,-0.025913589602757248,-0.02871757660586116,-0.06433889085784017,-0.006885924525319442,-0.05366240036585168,0.0043895856343890705,-0.0001816409257612353,0.0018133419713402127,0.0007062487317638956,-0.1721254561827399,0.008290321223882737,0.0014804718120093212,0.004349816039470053,0.0008485755230273641,0.14503339334065024,-3.1257642379532222,-19.397584184250817,-14.791175137990136,-8.114686717280426,-0.3700003090999256,3619,4059,3619,4059
G5,-55.0,0.06720983594095914,-0.038208185161197894,-0.026977425768000884,-0.06534835258717919,-0.006978468013527639,-0.06487763880677733,-0.004237724292899037,-0.0006687197680074683,2.601336363948492e-05,5.1601083488141825e-05,-0.062429046130036525,0.006163530851913886,0.001288470707382097,0.0026880780004846757,0.0006934845707245285,0.12609999831667362,-6.199074212362151,-20.937554585787495,-24.310437634397704,-10.062903066807642,-0.5144935739321009,4603,4923,4603,4923
G5,-53.0,0.06217053518616274,-0.02860551810787154,-0.024453950344425657,-0.055734767515115635,-0.006432338339481092,-0.1654020835892993,0.00028151815066623787,-0.0020540894327301246,-0.005488129415709267,0.00012350192986074204,-0.10532879267766493,0.005592039420974424,0.0010139709540512192,0.002331238964579232,0.0006305356640567172,0.10992810688326046,-5.115399938093958,-24.11701266858025,-23.907788245627266,-10.201387020833922,-1.5046386977713546,5285,5624,5285,5624
G5,-51.0,0.007025790024405602,-0.033621116065921886,-0.023357979163811216,-0.0519260514014146,-0.006662896328248458,0.01682449086669635,0.002497842244135823,-0.00014567406276728978,0.001273948656523527,-0.00048176130039756515,-0.20315589457367977,0.005555989272105276,0.000937868806649189,0.0020686302685345185,0.0006357481985426772,0.11509856236833457,-6.051328470830933,-24.90538015361065,-25.10165890504958,-10.480401428618729,0.14617463954810467,5957,5999,5957,5999
G5,-49.0,0.043165191249215876,-0.04040743256604146,-0.02658368634676389,-0.05848261753257056,-0.008333874794741902,-0.034836292273197955,0.006776431875395145,0.002410632869216736,0.006827348904788755,0.000822474216364371,-0.16081972694330826,0.005145124051816298,0.0009416043164799594,0.0021927885885281613,0.0006487825456551647,0.12080893486935837,-7.853539032120536,-28.23233271289882,-26.670431357828768,-12.84540536818241,-0.28835857472685766,6053,6320,6053,6320
G5,-47.0,0.04429975223383827,-0.0625861303518831,-0.029850304296657804,-0.06722457060364384,-0.008915592845839981,-0.04325884864402596,0.00973819667368303,-0.002107892608973483,-0.0033373192606668683,-0.001272511964126706,0.10796992826000462,0.005783510634976212,0.0009538273720647195,0.001970491751949856,0.0005651590073538205,0.1122343749731651,-10.821477524980901,-31.29529008172811,-34.11563156106757,-15.775370700689074,-0.38543314964215747,6579,6877,6579,6877
G5,-45.0,-0.005250887210532569,-0.06472818991145199,-0.026164724201847456,-0.05840220261547202,-0.008644529474772789,-0.21239126678781872,0.007968771004970177,-0.0022435048462142934,-0.006250174925558891,2.1543435557814378e-05,-0.004435410012193941,0.006058898401373406,0.0008422697450905488,0.0020413742759530823,0.0005391717863022505,0.13541561905285293,-10.683161463275184,-31.0645423919799,-28.609257647378282,-16.032978160928497,-1.5684399500837645,6874,6838,6874,6838
G5,-43.0,-0.09783309252147586,-0.06637958349747622,-0.027975298032819396,-0.06253772264292223,-0.010038460173701136,0.015783185837394687,0.005270489225959463,0.000810446704688085,0.003610584339770101,-5.56906700712595e-06,-0.09898407776047247,0.00634683151037511,0.0008589373940622972,0.0021111925397285956,0.0005934614947911247,0.1284212000010451,-10.458696341468352,-32.56965900682442,-29.621989215138935,-16.91509939871378,0.12290171589477628,6588,5974,6588,5974
G5,-41.0,-0.16834177854639376,-0.08935668024096358,-0.03413962695536554,-0.07544986731520176,-0.014788872857353752,-0.4332247618243379,0.002901322034730369,-0.0015394993664604728,-0.003894952683629896,-0.0005341962554507307,0.3097238733863925,0.007729604200293489,0.0011755964677747565,0.002535023467138695,0.000669395849734348,0.1421154139563647,-11.560317698747207,-29.040259894610937,-29.76298574480762,-22.092866072030123,-3.048400942330969,5157,4358,5157,4358
G5,-39.0,-0.035453774880277296,-0.032972097413111856,-0.012845900846447655,-0.025108145907896784,-0.009486787930003349,0.15783847311011812,-0.007994615129841426,-0.0035298180358359493,-0.007527017411942297,-0.00037386628262642274,0.061529017877325565,0.0051106818448855675,0.0010218883621165343,0.0023375094282423376,0.0006580084402746552,0.1179672045500049,-6.451604387408336,-12.570747767242633,-10.741409469640752,-14.417425901168572,1.3379860420716527,6603,6373,6603,6373
G5,-37.0,-0.335134737544725,-0.019901548905258498,-0.013851477876554164,-0.03083840475304811,-0.007871641073744051,0.6266716445273772,-0.017223833777194414,-0.0017673736584664645,-0.004724101525430985,0.0010708259239343501,-0.1874803278740984,0.0041096092046369066,0.0007357475243892194,0.00157382411700597,0.0005797945888595424,0.10113160773560105,-4.842686473157451,-18.826400928841675,-19.594568681356108,-13.576603205675982,6.196595293587644,10012,7161,10012,7161
G5,-35.0,-0.2538063308910851,0.0056200810852276295,0.0034524326905520653,0.011999942475165781,0.005325518122443196,-1.5589799465142846,-0.018339122207850556,0.002584047035375396,0.008002835457011484,0.003370009162313354,0.27178830092918993,0.00490128655045442,0.000997366973964132,0.002063133598052448,0.0006693294436466874,0.12812817656454545,1.1466542564638598,3.461547034017014,5.816367144858413,7.956497615626075,-12.167346701675239,6027,4676,6027,4676
G5,-33.0,0.03542141192401255,0.032371780716383414,0.011862081146313486,0.0279156890013752,0.005550776173631089,0.17693313142000022,-0.019670543499214682,-0.005740603782152451,-0.011229563413179641,-0.003430339345627094,-0.02990494910447339,0.005416293222139153,0.0014248988197028147,0.002741206311598438,0.0008062306675010135,0.13325180641788506,5.976740805697784,8.324858567001629,10.183724181306568,6.884848713130987,1.3278103777830081,4909,5086,4909,5086
G5,-31.0,0.2535010694851064,0.11378064652083493,0.034669083846370796,0.06712847608450012,0.02376730331997834,0.04605594458405449,-0.027741854098998098,-0.002664616436608744,-0.033952740515911656,0.004053986431517671,-1.608310034409163,0.004173250106317247,0.0011074557971262721,0.0022897386149179845,0.0007503666876119878,0.06075001802989084,27.26427691180065,31.305162640651947,29.317091325249184,31.674251685688287,0.7581223195916349,9441,12165,9441,12165
G5,-29.0,-0.04493709311165582,-0.003493072543818865,0.00016290241468031041,0.0033119834356387656,0.0001902410630432172,-0.2933983362380559,0.00395240066804034,-0.0012127824120462538,-0.0021692958355779834,-0.0009689355236618818,0.15828893906892194,0.0043664898439641385,0.001112452563383501,0.0024233415210110102,0.0007712470357114278,0.08334303468796296,-0.799972671102714,0.14643538074544604,1.3667010641805935,0.2466668320711684,-3.5203702065390563,9649,9225,9649,9225
G5,-27.0,0.03667077552000853,-0.0297386580165811,-0.010436269565952117,-0.014752595849445882,-0.005060394979226501,-0.1935300453328921,0.0056880987283202955,-0.00037740615786858306,-0.004289603952852383,-0.0007908418005354093,0.008701429559785367,0.005170736130973606,0.0013878934074722637,0.002473236005602242,0.0007505174400346375,0.11728946439191204,-5.7513393186787045,-7.519503666322214,-5.964896118295663,-6.742541491098403,-1.6500207101827076,5301,5499,5301,5499
G5,-25.0,0.12243822794294616,-0.03678598337993488,-0.014266193896220969,-0.025694623848536935,-0.006695363836052959,0.4505946122757081,0.003977606693365471,0.005380685157800692,0.010939254896077999,0.0030180464056321597,-0.05896004748466854,0.004645631643672092,0.0008980515777848839,0.001582755290580713,0.0005661165321597382,0.08885730912921662,-7.918402964652139,-15.88571775733603,-16.23411022629378,-11.826829735054906,5.070990970708462,7501,8478,7501,8478
G5,-23.0,-0.06787802620929907,-0.0011780700226039498,-0.005116372565460381,-0.010285556518971006,-0.0019186594287536884,0.35418616489681654,0.0009158397569188903,0.002888841030054247,0.006364681678422052,0.0009688591885326642,-0.07284151981707421,0.0028776442407622994,0.0009037983006078149,0.0020087491386632773,0.0006365848412539424,0.08043708306781544,-0.4093869582335426,-5.660967233529385,-5.12037880738833,-3.013988559599252,4.403269628738363,11078,10351,11078,10351
G5,-21.0,-0.07482647722300186,0.007276650060544121,0.0049076399854719455,0.011925956859146325,0.0047979467222107886,-0.4596908394769912,-0.005439647941208298,0.0026695309987719643,-0.00025165281420176655,-0.0001815022013749723,0.015454537037818739,0.005420171313560756,0.0015702923868278803,0.002552230607210116,0.0007956916293558908,0.12281732176223528,1.3425129280210444,3.1253033044284075,4.672758341450493,6.029907246975449,-3.7428827862483165,6533,6062,6533,6062
G5,-19.0,0.06822408421095467,0.007026721666995455,-0.0003665866998439071,-6.679519366770137e-05,0.005781691260543731,0.05194333484635649,0.005336341776038922,0.0029540009199261474,0.003030648230604935,-0.00011396456265952426,-0.006977122773007771,0.004913705432328393,0.0012221039021688656,0.0022366854045703932,0.0006038565232267081,0.08357262209022975,1.4300250114231603,-0.29996361127178006,-0.02986347276698527,9.574610918582541,0.6215353012410633,7634,8173,7634,8173
G5,-17.0,0.05280137968468355,-0.006744723550692611,-0.006985450229986867,-0.00853856681569809,0.0036135376350796555,-0.023908087988331772,0.00172437899837527,0.001979916598003638,0.0016596350954206224,1.9636652358986234e-05,0.07668882543635203,0.004700382019403363,0.0011807171094081043,0.00207181613787666,0.0005440744997168688,0.0856596998513643,-1.4349309317519565,-5.916277636976639,-4.121295639896406,6.641622860398909,-0.27910543732720056,8945,9430,8945,9430
G5,-15.0,0.027451596725120903,-0.01863010737458068,-0.009890616166376986,-0.013718949774640166,0.0006626022531865949,-0.15285347246424408,0.0009460530621076546,0.00016826920084270225,-0.0014543232361385328,-0.0007385911628707033,0.13019367639884738,0.003951849652895689,0.0012527789337475291,0.002373822907041069,0.0005451442614765705,0.08587669792774029,-4.714275342162778,-7.894941318010883,-5.77926421299077,1.2154622180042385,-1.7799179073333773,8731,8974,8731,8974
G5,-13.0,0.004002830868555375,-0.02309682843822075,-0.013055858472839077,-0.01797984732497504,-0.0005250282011060037,-0.13566497276733003,3.618346816169904e-06,0.0005394597289419684,-0.00046410641119354334,-8.032454885457604e-05,0.013076636642688655,0.0034247332452081738,0.0012455502443250012,0.0024394361377818754,0.0006264804545901048,0.07944522267692966,-6.744124807541558,-10.48200065177974,-7.370493142453695,-0.8380599861643256,-1.7076542578151297,8477,8511,8477,8511
G5,-11.0,-0.01757137288415561,-0.02900628788100512,-0.015144792645989114,-0.019040006422992306,-0.0011590495437587833,-0.14326632344631207,0.0022385788917089477,-0.00013748256408480097,-0.0021858422376147546,-0.00025680527690764496,-0.024978914506676997,0.004316355285426565,0.001351386011508862,0.00272779536573501,0.0005732139929095444,0.09090538391499998,-6.720088121323073,-11.206859118720276,-6.979998082760119,-2.0220189285255046,-1.5759938221070775,7521,7390,7521,7390
G5,-9.0,-0.051228284845055476,-0.03902193157734424,-0.016834149888024896,-0.019525437786768407,-0.002564265611044725,-0.13573351617296225,-0.00016497605605142462,-0.00118047620052103,-0.0034551824124896685,-0.0002055978805768459,-0.03058444410529715,0.00527758659449915,0.0016162310582366144,0.0027388452305198334,0.0007258841206628674,0.08907894019492023,-7.393896978974623,-10.415682709619354,-7.129076725179712,-3.5326101481639696,-1.5237441742790574,5667,5384,5667,5384
G5,-7.0,-0.04745718071513421,-0.04077742099394521,-0.019037258056851414,-0.02102484291737383,-0.003480472710875482,-0.1075109212858365,0.002836146528099631,0.0012839479204135446,0.0006628073698942971,-0.0002879547283191619,-0.023264846784764703,0.0066238712454058735,0.002244337777277715,0.003736921858292322,0.0007579303601078861,0.11356020802154078,-6.156131283836059,-8.482349782456893,-5.62624633713418,-4.592074541492257,-0.946730577188122,3711,3539,3711,3539
G5,-5.0,-0.04523384182414873,-0.04144812398816389,-0.019997244630701516,-0.022098182528857535,-0.0038527792683797912,-0.052972406850585685,0.00032769485014574884,0.003363471083287578,0.004636407365841741,-0.0003799904952412267,0.0775945297011349,0.006521737109769296,0.0025667257810838015,0.004790001885088194,0.0009534183882045146,0.11215877972856793,-6.35538098064031,-7.790954833615949,-4.613397459748737,-4.041016321947993,-0.4722983522001809,2442,2334,2442,2334
G5,-3.0,-0.05965707657131882,-0.04536292911233564,-0.019316114200297108,-0.019171853518644255,-0.0037349643453730152,0.018181590472778453,-0.0013861514443113399,0.0010593754551703194,1.931823849539438e-05,-0.00039312122154645107,-0.10832626526939837,0.010116664148427476,0.0041519823619694494,0.00565541378594302,0.0012642917669451362,0.16301456999270827,-4.48398092956232,-4.652263067691528,-3.3900001386808194,-2.9541949437808004,0.1115335302457426,1485,1399,1485,1399
G5,-1.0,-0.0786209546159271,-0.04522974368945709,-0.016939349965053196,-0.013844574717092328,-0.004482077330571155,-0.22268497192823133,0.004441006017338378,-0.0002787462705950705,-0.0008580258993730466,-0.0012970178501773913,-0.0954751773154463,0.01255426837455561,0.005778683679432028,0.007739804637683621,0.0013689486314910962,0.22510423556184897,-3.6027383149723455,-2.931350962390473,-1.7887498929476535,-3.274101911106156,-0.9892526960784221,820,758,820,758
