phi1,N,phi2_med,phi2_med_err,phi2_width,pm1_med,pm1_med_err,pm1_width,pm2_med,pm2_med_err,pm2_width,N_rv,rv_med,rv_med_err,rv_width
-59.0,36,-0.691891910243845,0.05377775019936265,0.21186548000411257,-12.759149830090962,0.046892721954989725,0.2660612839733761,-3.675428281617101,0.049840355153973226,0.3203963581095255,2,,,
-57.0,35,-0.32992489807940734,0.11204520577999297,0.3253455324254329,-13.031628756370612,0.058994859145621525,0.26171618815933995,-3.4097208360551066,0.031335704796969344,0.5423758196017339,11,96.92088582234258,7.169623572882813,22.577903780459746
-55.0,42,-0.2990664748276717,0.049387771042000025,0.24207425613450897,-13.054087581014754,0.05756479996643904,0.2732574691031403,-3.5657649954636303,0.04314191128247491,0.29990237470244635,3,,,
-53.0,59,-0.21837910290495172,0.053436831684046046,0.28409122483215327,-13.196227186553457,0.042211049045191906,0.32091218987766706,-3.6195381276395415,0.04495246308578582,0.575524689855427,1,,,
-51.0,78,-0.12547054912141836,0.04727518719056012,0.32274298254052175,-13.353065907771551,0.04206561098373207,0.2808956784565213,-3.4507930745042064,0.04572284879303545,0.45605703936933684,5,52.555439381804995,6.0099693847718,8.814774618513221
-49.0,69,0.06915251767399307,0.041087710614087954,0.3102449327991649,-13.486903320985125,0.03766510435852233,0.23203371489092428,-3.5234252039079768,0.03464990145210467,0.34913548944978884,15,41.284592027066,3.757959918483884,14.52619920354918
-47.0,66,0.029330899797979156,0.025004691427367057,0.2519259830662958,-13.36468893161497,0.04033592424383503,0.2608917055435008,-3.5208830074570683,0.07193542760691884,0.44831394109153944,20,24.765855086841917,1.4598769777561298,5.8828818129523155
-45.0,54,0.08723979441296376,0.039571229089053056,0.3144398070199838,-13.395666898392236,0.04143292297203338,0.3406705232518373,-3.3992665804978786,0.06702118032377191,0.32413611825720273,12,18.406721770640644,3.2927679256431883,9.338929928556201
-43.0,46,0.13823292630324602,0.06938322834675692,0.39257741444918437,-13.409546153537443,0.03168662457987903,0.20769008138759348,-3.432628867132462,0.03783937947067395,0.18887861538032535,5,9.55975067771856,3.4467438688717995,3.461360631367493
-41.0,39,0.18053234161709011,0.08091010530100058,0.38312459538649307,-13.284069697431942,0.05376297429837695,0.2632841830296185,-3.437374261862141,0.06768397636688217,0.3084066794916342,6,-15.724763592377585,2.214707972716605,5.38325427278547
-39.0,43,0.18828494399037826,0.05312094923281481,0.36373044628510576,-13.200759456517513,0.0476365980256066,0.19777250745835143,-3.2873211664258184,0.025760844820730266,0.2036023620811061,7,-20.338177391896583,1.7049718405419743,3.980670613837462
-37.0,40,0.19567703401286124,0.07280968518329745,0.3172347466556455,-13.210851876581296,0.07765140065802711,0.3120127755950991,-3.2222576872257265,0.06826514829482289,0.3086462505508386,15,-34.285399499170175,3.0906333373540242,7.4998020377195305
-35.0,46,0.12887926803348632,0.06406894080185964,0.27787522990373337,-13.11063825970314,0.050675854445969115,0.2227544417434645,-3.2168744370899125,0.043133002856853064,0.3281276244742802,9,-57.51714037893687,1.2789050343160397,3.0396271966859225
-33.0,52,0.1614571405576687,0.08759743430846594,0.3397997784844324,-12.973816530279748,0.03151100358686332,0.17508567284916124,-3.1539135721909446,0.023052126372838044,0.21454605882895753,16,-63.92122089323425,2.363967331634278,5.677358831753094
-31.0,52,0.06536796742404874,0.027317877778721113,0.16982409105308177,-12.886030821685507,0.03283425832035647,0.18407612203621726,-3.0060063919625755,0.07382436459953978,0.2875124411494758,19,-82.6574946517794,1.7069987854223925,5.276211685748988
-29.0,47,0.1208495836208629,0.029464689045868526,0.20564823989945208,-12.674250447371566,0.01572704562820082,0.14296090886331705,-3.003505897764143,0.011282742790498679,0.25938755769024807,28,-90.45922522538218,2.483805142048425,7.570820582196633
-27.0,46,0.07029329990700398,0.020102001864925327,0.1464512046571342,-12.403259175931682,0.026529868314138838,0.22200207784147954,-3.0277657155600397,0.024490578214954484,0.15512081799805097,10,-90.3084380139058,7.481650561093787,15.826280675874266
-25.0,48,0.08381886304957961,0.035779045514196084,0.16346861169398194,-12.291741440272336,0.04986526232032151,0.25358459392848537,-2.8593309190153167,0.05294508597850567,0.28376632853789063,19,-117.71234144284621,3.071841394628123,12.77868073345307
-23.0,23,0.033866653741670714,0.06572738921554755,0.1950903807715245,-12.001864897586914,0.03157144721452987,0.125720527836571,-2.7820225822609537,0.07907268082158891,0.2577299287465263,11,-132.07572317513112,3.2980032084386792,7.109082466913847
-21.0,15,-0.1660299905638182,0.12791745622772713,0.37418864192141604,-11.683067404360045,0.16266327478184106,0.38542653216439954,-2.793339044791277,0.059682327537945,0.16842713135886117,6,-137.46646378157925,2.961113572693705,6.307811635010315
-19.0,19,-0.06860913155003585,0.04470325192097495,0.24512011076300677,-11.344524301912895,0.10062523198255935,0.24371769231388005,-2.63890229035211,0.07486944952013674,0.19959657251464547,5,-155.86532528867863,4.808897795726082,8.76823832728694
-17.0,42,-0.06601408480564223,0.02321886254569676,0.18034558270966114,-11.145943070438712,0.06621629022707065,0.33425467330693603,-2.619789220066658,0.05576236091037834,0.15373120341116542,18,-166.48782467544828,0.9602534232609514,5.8211698921602535
-15.0,50,-0.09773918135194888,0.014461913579900842,0.19371466186821754,-10.867424581272289,0.04788064487767585,0.2560537032094653,-2.580696823206547,0.02935513586667504,0.18368557970296062,18,-180.87712792872662,1.2543373820909238,6.8957737162803525
-13.0,62,-0.15181444991837628,0.019859803839239715,0.1281226541849738,-10.557166619284843,0.023606796645554873,0.2993547859895344,-2.499833421674085,0.01809501671090019,0.16695033262765355,14,-191.4086047681306,1.752958683030272,4.779027743700015
-11.0,43,-0.2832373226252976,0.0268240045960062,0.17457284981216986,-10.244017071597579,0.07173244431176418,0.4210607206222675,-2.459001473173264,0.03127458772521918,0.20242133058939843,11,-200.0366666831932,3.7293801018540194,9.463514445448414
-9.0,32,-0.33470880526304947,0.06042059210746678,0.1778137541547811,-9.951196387155498,0.059993000413801845,0.22596345120723957,-2.304799873961435,0.06827817125199975,0.2839686871641196,12,-209.8179348560677,6.054595248209225,11.024147699454833
-7.0,23,-0.4797397761549273,0.043863023551893754,0.12530899108915852,-9.808994153853105,0.03908065130010385,0.20509857745593213,-2.312646518264251,0.035724678096997975,0.16430572437789254,8,-223.95791897417953,4.89277664784305,11.01738170932834
-5.0,17,-0.825883982928062,0.15590805724472967,0.2908479156783582,-9.397764240662775,0.11913292529892239,0.28201231270088767,-2.3073010822476068,0.08323357905808848,0.28063912584364187,4,,,
-3.0,34,-1.095970671711812,0.028794170388881546,0.14948621043668672,-8.952003283084451,0.045589360975319515,0.26361542981073655,-2.142746033144043,0.03582096627998954,0.17947783151281332,1,,,
-1.0,53,-1.1787053960874576,0.06629035841385111,0.2927633562947427,-8.5331904445493,0.050196506312251366,0.23292342160148502,-2.1155175622895888,0.02704412807869705,0.22110461477138965,3,,,
