case,phi1_deg,response_phi2_deg,valid_phi2_deg,response_distance_kpc,valid_distance_kpc,response_pm1_masyr,valid_pm1_masyr,response_pm2_masyr,valid_pm2_masyr
G1,-89.0,nan,False,nan,False,nan,False,nan,False
G1,-87.0,nan,False,nan,False,nan,False,nan,False
G1,-85.0,nan,False,nan,False,nan,False,nan,False
G1,-83.0,0.05543808799726735,False,-0.002874125933127303,False,0.015092677761654016,False,-0.001150342637103119,False
G1,-81.0,nan,False,nan,False,nan,False,nan,False
G1,-79.0,nan,False,nan,False,nan,False,nan,False
G1,-77.0,0.055709505162395034,False,-0.011962267994481302,False,-0.031344274732393984,False,-0.01012338362651688,False
G1,-75.0,0.05771352660714535,False,-0.009006305932119929,False,0.010810222340687403,False,-0.001025578721202347,False
G1,-73.0,0.04174212742331984,False,-0.008203264591403858,False,-0.01365273977532766,False,-0.000675343769581005,False
G1,-71.0,0.06686604199640556,False,-0.010369518066426053,False,-0.021865372376415948,False,-0.003705669657270594,False
G1,-69.0,0.04773547074348905,False,-0.01144783001210481,False,-0.022505238771801217,False,0.000579274855780465,False
G1,-67.0,0.04145239617883112,False,-0.011555230471476996,False,-0.03260690374596642,False,0.0008526104717465621,False
G1,-65.0,0.059124006304280496,False,-0.011472525410121115,False,-0.029106118031872796,False,-4.50846591371068e-05,False
G1,-63.0,0.0392630516589737,False,-0.011858637197192046,False,-0.026875171478391024,False,0.0007462364758077378,False
G1,-61.0,0.043034485050729265,False,-0.011615798947151923,False,-0.025216081667759127,False,0.0010806695631435659,False
G1,-59.0,0.0379049866156943,True,-0.011551961473410088,True,-0.028282835993538313,True,0.0008469932231069954,True
G1,-57.0,0.03587384967977525,True,-0.012330390447986339,True,-0.028822514844584646,True,0.002054107203533384,True
G1,-55.0,0.032242280899422715,True,-0.01200450138420539,True,-0.02932617960935957,True,0.002163115890185363,True
G1,-53.0,0.033424710044008765,True,-0.011297545838568901,True,-0.026352519165067534,True,0.002544976882936645,True
G1,-51.0,0.02662430010017619,True,-0.011136018303003148,True,-0.0253872996370319,True,0.0027989549203528696,True
G1,-49.0,0.02624762154383964,True,-0.011902540962819508,True,-0.026383398352196608,True,0.0024394582031082024,True
G1,-47.0,0.012024188045164919,True,-0.014050068882395905,True,-0.032213699515677874,True,0.002767116492486732,True
G1,-45.0,0.00505532004189066,True,-0.013027187738082091,True,-0.030083829389681682,True,0.0026099098448009173,True
G1,-43.0,-0.0004221933676842593,True,-0.014557834865390973,True,-0.03313145110241322,True,0.0020293233314574444,True
G1,-41.0,-0.018850170474258715,True,-0.020367764223360396,True,-0.04534635519445729,True,-0.0014649168844833582,True
G1,-39.0,-0.02973538743750298,True,-0.01063478783492755,True,-0.022733733493579322,True,-0.0031343754258759127,True
G1,-37.0,-0.027243739055886562,True,-0.006244021054064852,True,-0.015274215868668506,True,-0.0017453524961021927,True
G1,-35.0,-0.030706187401628754,True,-9.183736800277842e-05,True,0.0015035641580638526,True,0.0027690864171336926,True
G1,-33.0,-0.01974448587930877,True,0.003867999048969395,True,0.009796831912552761,True,0.0012092139251951295,True
G1,-31.0,0.03553826303496563,True,0.018662173130225668,True,0.04378757712231085,True,0.014237264826799656,True
G1,-29.0,-0.006340041590110368,True,0.000991973942578106,True,0.004156613642672724,True,0.0005806067767606393,True
G1,-27.0,-0.032125494793971476,True,-0.005740807883763743,True,-0.008113812954819721,True,-0.003626037187039355,True
G1,-25.0,-0.037617632899962505,True,-0.010472799747978101,True,-0.01937660664558294,True,-0.005184892567951405,True
G1,-23.0,0.0009416936055027247,True,-0.0010069059361104138,True,-0.0024238294957932283,True,0.00013273306455818812,True
G1,-21.0,0.0023844242162553986,True,0.002849748934247387,True,0.004578899773944656,True,0.008958904886843921,True
G1,-19.0,0.022978060490407733,True,0.004973247410935855,True,0.008506663896625355,True,0.013302969746659787,True
G1,-17.0,0.016618977805832116,True,6.335281217850763e-05,True,0.000553837371443322,True,0.010736988485603671,True
G1,-15.0,-0.0011024877083664897,True,-0.004295622913730313,True,-0.006275408764896184,True,0.007367285297156911,True
G1,-13.0,-0.008395848276174844,True,-0.0059402831275487955,True,-0.008219451153641089,True,0.0062264400721576685,True
G1,-11.0,-0.012108745027682666,True,-0.006862517886789377,True,-0.008399385606161047,True,0.0053765168791533036,True
G1,-9.0,-0.016001450417807206,True,-0.0077105995113946335,True,-0.010604301658982962,True,0.004435437874464654,True
G1,-7.0,-0.02341425204381342,True,-0.00848761479181448,True,-0.009704916500851368,True,0.003949021963131738,True
G1,-5.0,-0.022602716941175327,True,-0.009769120695269251,True,-0.01063950437506378,True,0.003457198241357151,True
G1,-3.0,-0.025461433566781766,True,-0.009217121289486485,True,-0.011719052134351315,True,0.0028615293069416126,True
G1,-1.0,-0.030598329041027217,True,-0.0059560920793853,True,-0.008064113730075206,True,0.002320357921532512,True
G1,1.0,-0.02609152242695867,False,-0.00937836646553869,False,-0.007559469893724469,False,0.0020027974048713038,False
G1,3.0,-0.031734881240623736,False,-0.012677147471423567,False,-0.005572358339908767,False,0.0010966194221713188,False
G1,5.0,-0.030902563010226647,False,-0.013524898908864103,False,-0.013109282534548683,False,0.00047794609844453717,False
G1,7.0,nan,False,nan,False,nan,False,nan,False
G1,9.0,-0.03800859797201683,False,-0.012100190996253701,False,-0.009754231452618,False,5.585525831386384e-05,False
G1,11.0,nan,False,nan,False,nan,False,nan,False
G2,-89.0,nan,False,nan,False,nan,False,nan,False
G2,-87.0,nan,False,nan,False,nan,False,nan,False
G2,-85.0,nan,False,nan,False,nan,False,nan,False
G2,-83.0,0.04476350673008156,False,-0.0027988499690758673,False,0.01578141508173303,False,-0.0008751553052386285,False
G2,-81.0,nan,False,nan,False,nan,False,nan,False
G2,-79.0,nan,False,nan,False,nan,False,nan,False
G2,-77.0,0.04705730846643941,False,-0.012039395045527534,False,-0.03166168122683466,False,-0.01023623523685302,False
G2,-75.0,0.048624711999841086,False,-0.009079800845748665,False,0.010761673818016959,False,-0.0012032717855787745,False
G2,-73.0,0.034230464767450286,False,-0.008466486260321204,False,-0.013914939257208658,False,-0.0008438638721637304,False
G2,-71.0,0.05843486794215402,False,-0.010672645965942529,False,-0.022243184560036156,False,-0.004017603405011894,False
G2,-69.0,0.03839506250457714,False,-0.012150322280372272,False,-0.023063318743830052,False,-0.00015171119004575573,False
G2,-67.0,0.03074591495861967,False,-0.011762092995659224,False,-0.032531206963144044,False,0.0003618880108984257,False
G2,-65.0,0.0495026641788725,False,-0.012076429767224894,False,-0.029976628267601058,False,-0.000824150723897521,False
G2,-63.0,0.030281224759764025,False,-0.012234886641271814,False,-0.027337166914007227,False,-0.00014898930838835867,False
G2,-61.0,0.03158280819866799,False,-0.012069066209734913,False,-0.027086484607890426,False,0.0003588900253514993,False
G2,-59.0,0.027392149348902883,True,-0.01251686691519005,True,-0.030239050954161684,True,-0.00041491880855826224,True
G2,-57.0,0.023849769474800886,True,-0.013554011768745156,True,-0.032219742274563146,True,0.0006537957779002568,True
G2,-55.0,0.02254866108941639,True,-0.013343777895880926,True,-0.031473539626421854,True,0.0006545759695484321,True
G2,-53.0,0.02142280129069213,True,-0.012438591229719798,True,-0.028623985787302075,True,0.0009611395365412001,True
G2,-51.0,0.015454901224591922,True,-0.01260063369587705,True,-0.02801693658611093,True,0.000948810915936793,True
G2,-49.0,0.012094751364238321,True,-0.013647512719711763,True,-0.030200137122440296,True,0.00035557429430399523,True
G2,-47.0,-0.005577173837074373,True,-0.016193690538811367,True,-0.03667725048796022,True,0.00022998428058995657,True
G2,-45.0,-0.00952037040099546,True,-0.015152373204694314,True,-0.034055739524117,True,-0.00029056793546278215,True
G2,-43.0,-0.016493461203289567,True,-0.016419205164712736,True,-0.03658285430079644,True,-0.0011073379742936318,True
G2,-41.0,-0.03341651666292464,True,-0.021840675672415877,True,-0.04835077997803516,True,-0.004721781022597238,True
G2,-39.0,-0.027811961324934964,True,-0.010232021137339231,True,-0.020938974612956684,True,-0.005447828539118849,True
G2,-37.0,-0.018101192741470484,True,-0.008179728313057133,True,-0.0183476206954154,True,-0.002829447653490469,True
G2,-35.0,-0.022379237278469494,True,-0.0011162844082885925,True,0.00014039323276371363,True,0.0021500123224189593,True
G2,-33.0,-0.0023502347094170872,True,0.00481075759243943,True,0.01223624248017785,True,0.0019133119765259998,True
G2,-31.0,0.05249502986413615,True,0.019705141571717988,True,0.045393163126115965,True,0.015746398867230393,True
G2,-29.0,-0.004032623473136654,True,0.0008433024552827462,True,0.003929169272922195,True,0.0005774593028844421,True
G2,-27.0,-0.02722826685555968,True,-0.006531836875189434,True,-0.009338669038656988,True,-0.0036854115228459605,True
G2,-25.0,-0.03483228568000091,True,-0.010970387198912412,True,-0.020616172861485538,True,-0.005365964802972023,True
G2,-23.0,-0.0005624930041386866,True,-0.0012927957893076325,True,-0.0033574573136121444,True,-0.0006838921430478706,True
G2,-21.0,0.034577076498024994,True,0.01024398181363928,True,0.01459540565773132,True,0.006357239019130656,True
G2,-19.0,0.03920069066854011,True,0.014495676518992084,True,0.022719079499072592,True,0.014354548465622674,True
G2,-17.0,0.03419187532016077,True,0.009379173402749075,True,0.012623260935239244,True,0.013968702767882313,True
G2,-15.0,0.017666052510945773,True,0.0036109174035612313,True,0.003225896260435235,True,0.010471841162051021,True
G2,-13.0,0.002623803750332665,True,-0.0008700098467055994,True,-0.001985337531312581,True,0.00774556958801309,True
G2,-11.0,-0.0029192548987626576,True,-0.0023745823729193205,True,-0.0035636778020098347,True,0.006771546523546945,True
G2,-9.0,-0.007457638435657166,True,-0.0028481937911628563,True,-0.0037972421517959987,True,0.006137416618623881,True
G2,-7.0,-0.012788853429055336,True,-0.003980628441762946,True,-0.004699505431066342,True,0.005392428508282254,True
G2,-5.0,-0.01578193163275987,True,-0.0043470863619745614,True,-0.00423297805787648,True,0.004610445987480727,True
G2,-3.0,-0.01997587597346584,True,-0.005738085768250301,True,-0.00619873286481365,True,0.003742121754930494,True
G2,-1.0,-0.02101265971289923,True,-0.005718813408737589,True,-0.005930549997430035,True,0.0032531120077372577,True
G2,1.0,-0.023033378274226246,False,-0.006452815031032344,False,-0.005598341666692264,False,0.002768676227332678,False
G2,3.0,-0.02790399762464335,False,-0.0068227762565680194,False,-0.002021167793173184,False,0.0025141531785406457,False
G2,5.0,-0.027646425545610143,False,-0.007629000858148771,False,-0.006878438286058497,False,0.0017294941194245794,False
G2,7.0,nan,False,nan,False,nan,False,nan,False
G2,9.0,-0.03425668782421054,False,-0.006899871722856332,False,-0.00501582727917782,False,0.0010666736212876504,False
G2,11.0,nan,False,nan,False,nan,False,nan,False
G3,-89.0,nan,False,nan,False,nan,False,nan,False
G3,-87.0,nan,False,nan,False,nan,False,nan,False
G3,-85.0,nan,False,nan,False,nan,False,nan,False
G3,-83.0,0.044818789302019546,False,-0.0028093107727533706,False,0.015757285795283238,False,-0.0008812008573793051,False
G3,-81.0,nan,False,nan,False,nan,False,nan,False
G3,-79.0,nan,False,nan,False,nan,False,nan,False
G3,-77.0,0.047109641547040004,False,-0.01204542385108276,False,-0.03167240346954969,False,-0.010239648815335567,False
G3,-75.0,0.04867505277997286,False,-0.009086081786078282,False,0.010751215244869883,False,-0.0012062000072186052,False
G3,-73.0,0.03427823562642418,False,-0.008472791045250005,False,-0.013925388387193038,False,-0.0008464872925459943,False
G3,-71.0,0.058482914907724615,False,-0.010678393187874669,False,-0.022253803096282,False,-0.004019934029755756,False
G3,-69.0,0.03843831688206367,False,-0.012158048683281741,False,-0.02307322998552408,False,-0.00015379429627282448,False
G3,-67.0,0.0307909132403128,False,-0.011768311319632296,False,-0.0325402010675635,False,0.00035979532308827444,False
G3,-65.0,0.049543683286187634,False,-0.012083131872862474,False,-0.029986368878505587,False,-0.0008256446838510456,False
G3,-63.0,0.030321439312354204,False,-0.012243192937645198,False,-0.02734732830610831,False,-0.0001517172308767023,False
G3,-61.0,0.031614711743838786,False,-0.012078168671552092,False,-0.027100425884132306,False,0.0003567567474762612,False
G3,-59.0,0.027425022345074823,True,-0.012529339843680098,True,-0.030255966312202176,True,-0.0004232898365046367,True
G3,-57.0,0.023856174207289804,True,-0.013569233389082669,True,-0.0322435907848444,True,0.0006406363193987019,True
G3,-55.0,0.02260580070360968,True,-0.013394065833171709,True,-0.03164145537722263,True,0.0006694173224106592,True
G3,-53.0,0.021351176182167475,True,-0.012439773700827494,True,-0.028623117360279338,True,0.0009998032845892624,True
G3,-51.0,0.015518059941732498,True,-0.012635256613171109,True,-0.028069821672234596,True,0.000968023417330155,True
G3,-49.0,0.012007717665104,True,-0.01372672980131373,True,-0.03034948144031624,True,0.00034449668961533675,True
G3,-47.0,-0.005719844016719294,True,-0.016217720099486854,True,-0.036781199674654985,True,0.0002296893656148491,True
G3,-45.0,-0.009978757807562244,True,-0.015279108442912914,True,-0.03441851696106468,True,-0.0003317573276957475,True
G3,-43.0,-0.016808693798657903,True,-0.016600660047173754,True,-0.0371790524451967,True,-0.0012446949454791856,True
G3,-41.0,-0.035172230297751045,True,-0.02196106426454847,True,-0.04866543377795374,True,-0.004790408449615313,True
G3,-39.0,-0.028132896395612728,True,-0.010514566059097064,True,-0.02145518127828261,True,-0.005566424467726705,True
G3,-37.0,-0.019671208429933557,True,-0.008447725727851463,True,-0.019016848468673686,True,-0.0031745299337462285,True
G3,-35.0,-0.021498398107788447,True,-0.0008429758693608846,True,0.0006712302708979934,True,0.0025757618750255062,True
G3,-33.0,-0.0018824894712174967,True,0.005065179361857908,True,0.012892992103431311,True,0.0021468445850305606,True
G3,-31.0,0.05619277577223519,True,0.02095812782635953,True,0.04732008327439452,True,0.01658887114665175,True
G3,-29.0,-0.004213970400673561,True,0.0007390936578115515,True,0.0037428172411413385,True,0.0005635819857818802,True
G3,-27.0,-0.027885019571265268,True,-0.007091303203997867,True,-0.009911799222910744,True,-0.003819682977075356,True
G3,-25.0,-0.03567549442175605,True,-0.011158632349854258,True,-0.02110262225889592,True,-0.005452008006832987,True
G3,-23.0,-0.0007586870318753158,True,-0.0010433786367141096,True,-0.0035784362503541445,True,-0.0005988979728592803,True
G3,-21.0,0.033273621623735594,True,0.010016023358042858,True,0.013990211047852696,True,0.006727004811495796,True
G3,-19.0,0.038041937096502734,True,0.013988425181320707,True,0.02176463134233586,True,0.014612831232352796,True
G3,-17.0,0.033208676774388324,True,0.00904699268698117,True,0.012156179576500392,True,0.013896412956035942,True
G3,-15.0,0.016671996741263295,True,0.0030640541200028792,True,0.002355717228143206,True,0.010259933633800511,True
G3,-13.0,0.0025161988877638874,True,-0.0009133922584201315,True,-0.0020170191783766,True,0.007721971151994911,True
G3,-11.0,-0.002989887411740222,True,-0.0024141553360461643,True,-0.0037241131927849835,True,0.006762560756489844,True
G3,-9.0,-0.007482568990234473,True,-0.0028760734761643647,True,-0.0037510477391968777,True,0.006143770861967823,True
G3,-7.0,-0.012257126754671166,True,-0.003986299372913393,True,-0.004711744976866328,True,0.005393002026511606,True
G3,-5.0,-0.01578151097292091,True,-0.00436491641936243,True,-0.004272151358465592,True,0.004584909720168895,True
G3,-3.0,-0.019982203543932764,True,-0.0057395836463118854,True,-0.0061951260812449505,True,0.0037461033551520195,True
G3,-1.0,-0.02101949222490629,True,-0.005723881462978753,True,-0.005928452158375563,True,0.0032576900596765768,True
G3,1.0,-0.02304451534882279,False,-0.006455316099559738,False,-0.0055963053441328015,False,0.002773703408365691,False
G3,3.0,-0.027914541759091582,False,-0.006824150526513861,False,-0.0020169447090578885,False,0.0025184110559171025,False
G3,5.0,-0.02765710240305186,False,-0.0076283229383253826,False,-0.006874575478991396,False,0.001733301431449119,False
G3,7.0,nan,False,nan,False,nan,False,nan,False
G3,9.0,-0.03426988917968865,False,-0.0068964559237727485,False,-0.00500981684715196,False,0.001070057978717509,False
G3,11.0,nan,False,nan,False,nan,False,nan,False
G4,-89.0,nan,False,nan,False,nan,False,nan,False
G4,-87.0,nan,False,nan,False,nan,False,nan,False
G4,-85.0,nan,False,nan,False,nan,False,nan,False
G4,-83.0,0.044960415828680045,False,-0.0028329842629624125,False,0.015707121171022465,False,-0.0008950437509622766,False
G4,-81.0,nan,False,nan,False,nan,False,nan,False
G4,-79.0,nan,False,nan,False,nan,False,nan,False
G4,-77.0,0.04723967311535304,False,-0.012059021310179219,False,-0.03168909024714672,False,-0.010247150044575548,False
G4,-75.0,0.04880101617835875,False,-0.009100366082124722,False,0.010733987955729773,False,-0.0012125707560923793,False
G4,-73.0,0.03439838098572623,False,-0.00848734058358147,False,-0.013943618587401119,False,-0.0008522084452748935,False
G4,-71.0,0.05860340233471617,False,-0.010691775187948949,False,-0.02227325952170567,False,-0.004025006036766587,False
G4,-69.0,0.03854780183236195,False,-0.012176112172881837,False,-0.023092008054273805,False,-0.00015829148361268253,False
G4,-67.0,0.03090365528614958,False,-0.011783082516696908,False,-0.0325573068862699,False,0.00035533465036108325,False
G4,-65.0,0.04964710472438605,False,-0.012099069828667375,False,-0.030006085647485747,False,-0.0008286583094938571,False
G4,-63.0,0.03042293907560556,False,-0.012262699400302779,False,-0.027370419190035022,False,-0.00015714649818754367,False
G4,-61.0,0.03169923077411463,False,-0.012100940808441152,False,-0.02713110150555309,False,0.00035253856715034004,False
G4,-59.0,0.027510760445833227,True,-0.012557634341882284,True,-0.03029396213059954,True,-0.0004387929077034336,True
G4,-57.0,0.024223889395990295,True,-0.013654192676976429,True,-0.03242025201535981,True,0.0006198956755034679,True
G4,-55.0,0.022662654504883306,True,-0.013281453685987543,True,-0.031725993855625134,True,0.0007153532321013678,True
G4,-53.0,0.021326307233681174,True,-0.01248936302111936,True,-0.028705738744969622,True,0.0010082348606861302,True
G4,-51.0,0.016052245323833647,True,-0.012714637172924093,True,-0.02824119623962673,True,0.0009594291822083711,True
G4,-49.0,0.011408597017172284,True,-0.013808284952716576,True,-0.030655726497839098,True,0.0003132472373912343,True
G4,-47.0,-0.005951890885879996,True,-0.016407412091030693,True,-0.03716695889102972,True,0.0001361671582826851,True
G4,-45.0,-0.010863000519992588,True,-0.015540242288260231,True,-0.03519979195039902,True,-0.00045885125693301276,True
G4,-43.0,-0.017178918406488636,True,-0.017014986710962354,True,-0.03812010391610876,True,-0.0015167563828382136,True
G4,-41.0,-0.03851362213542933,True,-0.022941059381486717,True,-0.05097446545751794,True,-0.005331560248462264,True
G4,-39.0,-0.02931945783146267,True,-0.01104448107506606,True,-0.0226861662786213,True,-0.005884469751266774,True
G4,-37.0,-0.021605959986431972,True,-0.009204365696405148,True,-0.020648395857753243,True,-0.003895394208051961,True
G4,-35.0,-0.01887662645611729,True,0.00024083802880525695,True,0.003451726411064726,True,0.003012876838521361,True
G4,-33.0,-0.0030729443603450535,True,0.005502054329041606,True,0.01446866597671459,True,0.0024265622627068772,True
G4,-31.0,0.06409906451796726,True,0.023625271083405508,True,0.05184515678595858,True,0.018022917231380386,True
G4,-29.0,-0.004529017468985264,True,0.0007291969144125332,True,0.003750929589749319,True,0.00048672655620141114,True
G4,-27.0,-0.0299099580636929,True,-0.007606075566044979,True,-0.010519184540807913,True,-0.004069372765269197,True
G4,-25.0,-0.036516865575592805,True,-0.011386844229938298,True,-0.02166313178373791,True,-0.005701798986326612,True
G4,-23.0,-0.00091177439180673,True,-0.001206232407101382,True,-0.0037746523761583717,True,-0.0005012458986590751,True
G4,-21.0,0.03053863958314934,True,0.009004821195928159,True,0.013305249293551924,True,0.007372776146954418,True
G4,-19.0,0.036649451058490365,True,0.01316067665552012,True,0.020658259441145077,True,0.014858467605969317,True
G4,-17.0,0.03140982883722716,True,0.0082735471270734,True,0.011210477141981201,True,0.013804587803480928,True
G4,-15.0,0.015626100907827872,True,0.0025097951383639128,True,0.001744628754831723,True,0.010152909897276796,True
G4,-13.0,0.0024354104563253376,True,-0.0010556728654638192,True,-0.002158983534059189,True,0.007771405240505125,True
G4,-11.0,-0.00306159890850094,True,-0.0024515830130962257,True,-0.0037562665733705813,True,0.006790301296776935,True
G4,-9.0,-0.007522986252563202,True,-0.002896873074572426,True,-0.0037883555589441897,True,0.0061525580199086605,True
G4,-7.0,-0.01228895917644468,True,-0.004002385952849963,True,-0.004798789959126637,True,0.005388923296149706,True
G4,-5.0,-0.015796481126979955,True,-0.004395102441554499,True,-0.0043255903945897956,True,0.004598151429320296,True
G4,-3.0,-0.02000274913748834,True,-0.005746466372061221,True,-0.0062063580130153895,True,0.0037550001168731306,True
G4,-1.0,-0.021041665237085505,True,-0.005738339286263994,True,-0.005927864992568033,True,0.003267891017877389,True
G4,1.0,-0.023263675882889023,False,-0.00654230832731173,False,-0.005646834884334595,False,0.0027632827347252586,False
G4,3.0,-0.027852981745341898,False,-0.006914582225354238,False,-0.003960495445269885,False,0.0024950734720554646,False
G4,5.0,-0.02769004236959649,False,-0.007630918689322641,False,-0.0068701411351472785,False,0.0017415634221096266,False
G4,7.0,nan,False,nan,False,nan,False,nan,False
G4,9.0,-0.03431071208407088,False,-0.006892824187749724,False,-0.00499983623055833,False,0.0010773019071095291,False
G4,11.0,nan,False,nan,False,nan,False,nan,False
G5,-89.0,nan,False,nan,False,nan,False,nan,False
G5,-87.0,nan,False,nan,False,nan,False,nan,False
G5,-85.0,nan,False,nan,False,nan,False,nan,False
G5,-83.0,0.034041367720120785,False,-0.002863678554324345,False,0.020415693814625158,False,-0.0004200467430437449,False
G5,-81.0,nan,False,nan,False,nan,False,nan,False
G5,-79.0,nan,False,nan,False,nan,False,nan,False
G5,-77.0,0.03751979637763969,False,-0.012364459636851954,False,-0.02733643720738499,False,-0.010339460309666482,False
G5,-75.0,0.04627447280029129,False,-0.009902122246771228,False,0.012843006279247504,False,-0.002702868053740648,False
G5,-73.0,0.026138375884308562,False,-0.011233585653174671,False,-0.021867333001836187,False,-0.0031333317637032287,False
G5,-71.0,0.04970733889764278,False,-0.012948139958970373,False,-0.03879462930163946,False,-0.0043313222210730196,False
G5,-69.0,0.030007987327542285,False,-0.014360015716554209,False,-0.025860090696633975,False,-0.001598586222440801,False
G5,-67.0,0.020600900848680936,False,-0.013174478437721682,False,-0.03702128586871645,False,-0.00012949627552760745,False
G5,-65.0,0.03780024894919243,False,-0.014225380408574573,False,-0.033693982785585774,False,-0.002282457909251967,False
G5,-63.0,0.020873137264472374,False,-0.014606005683899248,False,-0.033328015617300366,False,-0.0009714577361039645,False
G5,-61.0,0.023641253794582484,False,-0.01464459276690988,False,-0.034254239677220966,False,-0.0012315537492439965,False
G5,-59.0,0.01538767326021262,True,-0.015753083441179427,True,-0.03785167098997633,True,-0.0015543612742296986,True
G5,-57.0,0.011585508020079516,True,-0.01727342459470993,True,-0.03996055298060597,True,-0.0014542209301433573,True
G5,-55.0,0.007002089832043479,True,-0.016625706160735554,True,-0.039142826753970184,True,-0.0014355623960793373,True
G5,-53.0,0.004309973206270745,True,-0.015706631952085104,True,-0.035877760889000854,True,-0.0011914658426848135,True
G5,-51.0,0.001545914729056852,True,-0.015938319914022614,True,-0.03468449722972622,True,-0.0017310686002263154,True
G5,-49.0,-0.006624343895623164,True,-0.017207363809195186,True,-0.03760513570349744,True,-0.0025644465219114565,True
G5,-47.0,-0.021063228986304916,True,-0.01957693821375628,True,-0.04458634632431213,True,-0.003139548388542579,True
G5,-45.0,-0.02787970386500324,True,-0.01751363870173872,True,-0.03824213617083139,True,-0.0033941132224559745,True
G5,-43.0,-0.028512889142987663,True,-0.01736235437111766,True,-0.03907429889590297,True,-0.0038981907267570115,True
G5,-41.0,-0.042461218815136675,True,-0.02066176875665171,True,-0.046420015979419915,True,-0.007070440301221836,True
G5,-39.0,-0.0189367681833299,True,-0.008751497248395523,True,-0.017579366819827413,True,-0.00577087116231878,True
G5,-37.0,-0.008356830853725294,True,-0.005114971659873291,True,-0.011026012822302533,True,-0.0019453957916670817,True
G5,-35.0,-0.018270820478427457,True,-0.005898510430070836,True,-0.01088020687250335,True,-0.0010577517256171731,True
G5,-33.0,-0.001928310923702825,True,0.000779175902174245,True,0.005271415868241647,True,0.0005186269568908664,True
G5,-31.0,0.026646079268868167,True,0.009530313553947067,True,0.024862299242542463,True,0.008489715090750583,True
G5,-29.0,-0.0017827389663334081,True,0.000722640524063678,True,0.003167592116330553,True,0.0006536748899268474,True
G5,-27.0,-0.01705479464205234,True,-0.00447190240014983,True,-0.006918019347912363,True,-0.0023205496776523837,True
G5,-25.0,-0.025565237055287404,True,-0.008836074609449796,True,-0.015772100792325716,True,-0.004319484036793497,True
G5,-23.0,-0.0004910603182484985,True,-0.0013243035538952341,True,-0.003596485323175358,True,-0.0006283329954892558,True
G5,-21.0,0.024663964548386402,True,0.008683143350797451,True,0.011279818765911998,True,0.00315506114010633,True
G5,-19.0,0.04116856172989361,True,0.017812941845583907,True,0.025553894521701537,True,0.012240201528879169,True
G5,-17.0,0.04385712703140243,True,0.015188340026970337,True,0.02025309869742209,True,0.01403295895154244,True
G5,-15.0,0.033039977570282514,True,0.012156432980475529,True,0.01368628409981909,True,0.013035377809901938,True
G5,-13.0,0.018769805299461872,True,0.0074006635979433355,True,0.008396919323612195,True,0.010742910931235361,True
G5,-11.0,0.011747043495312415,True,0.0035003163987017416,True,0.0035537861382053393,True,0.009610949330308483,True
G5,-9.0,0.0046045912216334806,True,0.0038664107858910057,True,0.0036641331758549,True,0.008786613990014125,True
G5,-7.0,0.00014654286816306872,True,0.0015892324374977562,True,0.0019652957201294896,True,0.008378491839156066,True
G5,-5.0,-0.008371476201781913,True,0.00250468129940451,True,0.0029745215920495838,True,0.0070565672994131745,True
G5,-3.0,-0.015248433145982343,True,0.0021190636492001147,True,0.002505287383696597,True,0.006031925329515797,True
G5,-1.0,-0.013928275459161421,True,0.0010123585506338628,True,0.0012448694422104722,True,0.005548932832667219,True
G5,1.0,-0.01871201411003276,False,-0.0043690865534227186,False,-0.0026174506775014095,False,0.0044879524438894425,False
G5,3.0,-0.017231627369126867,False,-0.002469125025163166,False,-0.008543784559891243,False,0.0018978222226035957,False
G5,5.0,-0.04266885690799249,False,-0.0030977297583589802,False,-0.011769210741242375,False,-0.0033403701262728624,False
G5,7.0,nan,False,nan,False,nan,False,nan,False
G5,9.0,-0.03393162700618335,False,0.00018739770387732335,False,0.0015699907805135638,False,0.0027958858220269445,False
G5,11.0,nan,False,nan,False,nan,False,nan,False
